2.066251792020786571e+00;-1.835987902549859885e-01;1.000000000000000000e+00;1.000000000000000000e+00;1.000000000000000000e+00;1.000000000000000000e+00;1.000000000000000000e+00;1.000000000000000000e+00;1.000000000000000000e+00;1.000000000000000000e+00;1.000000000000000000e+00;1.000000000000000000e+00
9.004644085426302125e-01;5.611716074674943933e-01;0.000000000000000000e+00;0.000000000000000000e+00;0.000000000000000000e+00;0.000000000000000000e+00;0.000000000000000000e+00;0.000000000000000000e+00;0.000000000000000000e+00;0.000000000000000000e+00;0.000000000000000000e+00;0.000000000000000000e+00
3.893615855255742053e-01;-7.471172256453142424e-01;1.000000000000000000e+00;1.000000000000000000e+00;1.000000000000000000e+00;1.000000000000000000e+00;1.000000000000000000e+00;1.000000000000000000e+00;1.000000000000000000e+00;1.000000000000000000e+00;1.000000000000000000e+00;1.000000000000000000e+00
1.713746100334899491e+00;-5.888818614054645018e-01;1.000000000000000000e+00;1.000000000000000000e+00;1.000000000000000000e+00;1.000000000000000000e+00;1.000000000000000000e+00;1.000000000000000000e+00;1.000000000000000000e+00;1.000000000000000000e+00;1.000000000000000000e+00;1.000000000000000000e+00
5.925914380335711718e-01;6.605435200017281128e-01;0.000000000000000000e+00;0.000000000000000000e+00;0.000000000000000000e+00;0.000000000000000000e+00;0.000000000000000000e+00;0.000000000000000000e+00;0.000000000000000000e+00;0.000000000000000000e+00;0.000000000000000000e+00;0.000000000000000000e+00
1.072789923199439777e+00;4.336873564708884077e-01;0.000000000000000000e+00;0.000000000000000000e+00;0.000000000000000000e+00;0.000000000000000000e+00;0.000000000000000000e+00;0.000000000000000000e+00;0.000000000000000000e+00;0.000000000000000000e+00;0.000000000000000000e+00;0.000000000000000000e+00
1.510403406123197234e+00;-9.551109637213397452e-01;1.000000000000000000e+00;1.000000000000000000e+00;1.000000000000000000e+00;1.000000000000000000e+00;1.000000000000000000e+00;1.000000000000000000e+00;1.000000000000000000e+00;1.000000000000000000e+00;1.000000000000000000e+00;1.000000000000000000e+00
6.767630791229521936e-01;7.582029737278639381e-01;0.000000000000000000e+00;0.000000000000000000e+00;0.000000000000000000e+00;0.000000000000000000e+00;0.000000000000000000e+00;0.000000000000000000e+00;0.000000000000000000e+00;0.000000000000000000e+00;0.000000000000000000e+00;0.000000000000000000e+00
-3.683071437895207301e-01;8.431132701748469405e-01;0.000000000000000000e+00;0.000000000000000000e+00;0.000000000000000000e+00;0.000000000000000000e+00;0.000000000000000000e+00;0.000000000000000000e+00;0.000000000000000000e+00;0.000000000000000000e+00;0.000000000000000000e+00;0.000000000000000000e+00
1.587676119922500462e+00;-7.888810330326789799e-01;1.000000000000000000e+00;1.000000000000000000e+00;1.000000000000000000e+00;1.000000000000000000e+00;1.000000000000000000e+00;1.000000000000000000e+00;1.000000000000000000e+00;1.000000000000000000e+00;1.000000000000000000e+00;1.000000000000000000e+00
2.320510868679974137e-01;-5.778293872287920685e-01;1.000000000000000000e+00;1.000000000000000000e+00;1.000000000000000000e+00;1.000000000000000000e+00;1.000000000000000000e+00;1.000000000000000000e+00;1.000000000000000000e+00;1.000000000000000000e+00;1.000000000000000000e+00;1.000000000000000000e+00
6.943652601402782176e-01;7.978402016591779056e-01;0.000000000000000000e+00;0.000000000000000000e+00;0.000000000000000000e+00;0.000000000000000000e+00;0.000000000000000000e+00;0.000000000000000000e+00;0.000000000000000000e+00;0.000000000000000000e+00;0.000000000000000000e+00;0.000000000000000000e+00
5.679987522922020915e-01;7.178066577549818694e-01;0.000000000000000000e+00;0.000000000000000000e+00;0.000000000000000000e+00;0.000000000000000000e+00;0.000000000000000000e+00;0.000000000000000000e+00;0.000000000000000000e+00;0.000000000000000000e+00;0.000000000000000000e+00;0.000000000000000000e+00
4.755525074434089894e-01;-1.112599235801932540e+00;1.000000000000000000e+00;1.000000000000000000e+00;1.000000000000000000e+00;1.000000000000000000e+00;1.000000000000000000e+00;1.000000000000000000e+00;1.000000000000000000e+00;1.000000000000000000e+00;1.000000000000000000e+00;1.000000000000000000e+00
2.055902125001472847e+00;-4.751093057874454795e-01;1.000000000000000000e+00;1.000000000000000000e+00;1.000000000000000000e+00;1.000000000000000000e+00;1.000000000000000000e+00;1.000000000000000000e+00;1.000000000000000000e+00;1.000000000000000000e+00;1.000000000000000000e+00;1.000000000000000000e+00
3.167769398372927842e-02;-1.913827231283964925e-01;1.000000000000000000e+00;1.000000000000000000e+00;1.000000000000000000e+00;1.000000000000000000e+00;1.000000000000000000e+00;1.000000000000000000e+00;1.000000000000000000e+00;1.000000000000000000e+00;1.000000000000000000e+00;1.000000000000000000e+00
7.171173317746240006e-01;5.469794542503189083e-01;0.000000000000000000e+00;0.000000000000000000e+00;0.000000000000000000e+00;0.000000000000000000e+00;0.000000000000000000e+00;0.000000000000000000e+00;0.000000000000000000e+00;0.000000000000000000e+00;0.000000000000000000e+00;0.000000000000000000e+00
-1.629722827810836105e-01;9.906826900479978049e-01;0.000000000000000000e+00;0.000000000000000000e+00;0.000000000000000000e+00;0.000000000000000000e+00;0.000000000000000000e+00;0.000000000000000000e+00;0.000000000000000000e+00;0.000000000000000000e+00;0.000000000000000000e+00;0.000000000000000000e+00
8.955471427298717924e-01;5.404963521410424132e-01;0.000000000000000000e+00;0.000000000000000000e+00;0.000000000000000000e+00;0.000000000000000000e+00;0.000000000000000000e+00;0.000000000000000000e+00;0.000000000000000000e+00;0.000000000000000000e+00;0.000000000000000000e+00;0.000000000000000000e+00
1.977250055034600329e-01;-2.580941754071203187e-02;1.000000000000000000e+00;1.000000000000000000e+00;1.000000000000000000e+00;1.000000000000000000e+00;1.000000000000000000e+00;1.000000000000000000e+00;1.000000000000000000e+00;1.000000000000000000e+00;1.000000000000000000e+00;1.000000000000000000e+00
6.940329198320529525e-01;6.101792653914182019e-01;0.000000000000000000e+00;0.000000000000000000e+00;0.000000000000000000e+00;0.000000000000000000e+00;0.000000000000000000e+00;0.000000000000000000e+00;0.000000000000000000e+00;0.000000000000000000e+00;0.000000000000000000e+00;0.000000000000000000e+00
2.026358024926479207e+00;-3.246128000625193577e-01;1.000000000000000000e+00;1.000000000000000000e+00;1.000000000000000000e+00;1.000000000000000000e+00;1.000000000000000000e+00;1.000000000000000000e+00;1.000000000000000000e+00;1.000000000000000000e+00;1.000000000000000000e+00;1.000000000000000000e+00
1.826852773399222363e-01;-2.122013014474910531e-01;1.000000000000000000e+00;1.000000000000000000e+00;1.000000000000000000e+00;1.000000000000000000e+00;1.000000000000000000e+00;1.000000000000000000e+00;1.000000000000000000e+00;1.000000000000000000e+00;1.000000000000000000e+00;1.000000000000000000e+00
-1.026525836315317353e+00;3.427309668697068323e-01;0.000000000000000000e+00;0.000000000000000000e+00;0.000000000000000000e+00;0.000000000000000000e+00;0.000000000000000000e+00;0.000000000000000000e+00;0.000000000000000000e+00;0.000000000000000000e+00;0.000000000000000000e+00;0.000000000000000000e+00
2.029135583898413309e+00;-1.426017828917954255e-01;1.000000000000000000e+00;1.000000000000000000e+00;1.000000000000000000e+00;1.000000000000000000e+00;1.000000000000000000e+00;1.000000000000000000e+00;1.000000000000000000e+00;1.000000000000000000e+00;1.000000000000000000e+00;1.000000000000000000e+00
1.443132438575929877e+00;-7.032929097065272472e-01;1.000000000000000000e+00;1.000000000000000000e+00;1.000000000000000000e+00;1.000000000000000000e+00;1.000000000000000000e+00;1.000000000000000000e+00;1.000000000000000000e+00;1.000000000000000000e+00;1.000000000000000000e+00;1.000000000000000000e+00
3.500848410240977038e-01;-8.634684521674036439e-01;1.000000000000000000e+00;1.000000000000000000e+00;1.000000000000000000e+00;1.000000000000000000e+00;1.000000000000000000e+00;1.000000000000000000e+00;1.000000000000000000e+00;1.000000000000000000e+00;1.000000000000000000e+00;1.000000000000000000e+00
1.236197383602218869e+00;-1.112949657889780619e+00;1.000000000000000000e+00;1.000000000000000000e+00;1.000000000000000000e+00;1.000000000000000000e+00;1.000000000000000000e+00;1.000000000000000000e+00;1.000000000000000000e+00;1.000000000000000000e+00;1.000000000000000000e+00;1.000000000000000000e+00
1.016783356949076955e+00;-1.057668762638533488e+00;1.000000000000000000e+00;1.000000000000000000e+00;1.000000000000000000e+00;1.000000000000000000e+00;1.000000000000000000e+00;1.000000000000000000e+00;1.000000000000000000e+00;1.000000000000000000e+00;1.000000000000000000e+00;1.000000000000000000e+00
1.323523311663566071e+00;-7.891758321320678782e-01;1.000000000000000000e+00;1.000000000000000000e+00;1.000000000000000000e+00;1.000000000000000000e+00;1.000000000000000000e+00;1.000000000000000000e+00;1.000000000000000000e+00;1.000000000000000000e+00;1.000000000000000000e+00;1.000000000000000000e+00
1.465822644236921990e+00;-1.017050564114615696e+00;1.000000000000000000e+00;1.000000000000000000e+00;1.000000000000000000e+00;1.000000000000000000e+00;1.000000000000000000e+00;1.000000000000000000e+00;1.000000000000000000e+00;1.000000000000000000e+00;1.000000000000000000e+00;1.000000000000000000e+00
1.857293867606031879e-01;9.800536665741821363e-01;0.000000000000000000e+00;0.000000000000000000e+00;0.000000000000000000e+00;0.000000000000000000e+00;0.000000000000000000e+00;0.000000000000000000e+00;0.000000000000000000e+00;0.000000000000000000e+00;0.000000000000000000e+00;0.000000000000000000e+00
3.563246823805581442e-01;1.010282380521755563e+00;0.000000000000000000e+00;0.000000000000000000e+00;0.000000000000000000e+00;0.000000000000000000e+00;0.000000000000000000e+00;0.000000000000000000e+00;0.000000000000000000e+00;0.000000000000000000e+00;0.000000000000000000e+00;0.000000000000000000e+00
8.258924508706892986e-01;4.528185828849575767e-01;0.000000000000000000e+00;0.000000000000000000e+00;0.000000000000000000e+00;0.000000000000000000e+00;0.000000000000000000e+00;0.000000000000000000e+00;0.000000000000000000e+00;0.000000000000000000e+00;0.000000000000000000e+00;0.000000000000000000e+00
-2.264853160885394456e-01;1.073711919403033344e+00;0.000000000000000000e+00;0.000000000000000000e+00;0.000000000000000000e+00;0.000000000000000000e+00;0.000000000000000000e+00;0.000000000000000000e+00;0.000000000000000000e+00;0.000000000000000000e+00;0.000000000000000000e+00;0.000000000000000000e+00
2.008299298698127622e+00;-1.835656536852825482e-01;1.000000000000000000e+00;1.000000000000000000e+00;1.000000000000000000e+00;1.000000000000000000e+00;1.000000000000000000e+00;1.000000000000000000e+00;1.000000000000000000e+00;1.000000000000000000e+00;1.000000000000000000e+00;1.000000000000000000e+00
-1.000663021510405315e+00;1.271313871550142638e-01;0.000000000000000000e+00;0.000000000000000000e+00;0.000000000000000000e+00;0.000000000000000000e+00;0.000000000000000000e+00;0.000000000000000000e+00;0.000000000000000000e+00;0.000000000000000000e+00;0.000000000000000000e+00;0.000000000000000000e+00
-8.668479282082772186e-02;1.007892676102696949e+00;0.000000000000000000e+00;0.000000000000000000e+00;0.000000000000000000e+00;0.000000000000000000e+00;0.000000000000000000e+00;0.000000000000000000e+00;0.000000000000000000e+00;0.000000000000000000e+00;0.000000000000000000e+00;0.000000000000000000e+00
1.983967580852598056e+00;5.957637251355785146e-02;1.000000000000000000e+00;1.000000000000000000e+00;1.000000000000000000e+00;1.000000000000000000e+00;1.000000000000000000e+00;1.000000000000000000e+00;1.000000000000000000e+00;1.000000000000000000e+00;1.000000000000000000e+00;1.000000000000000000e+00
1.564080832169131297e+00;-6.925191789991327340e-01;1.000000000000000000e+00;1.000000000000000000e+00;1.000000000000000000e+00;1.000000000000000000e+00;1.000000000000000000e+00;1.000000000000000000e+00;1.000000000000000000e+00;1.000000000000000000e+00;1.000000000000000000e+00;1.000000000000000000e+00
7.663492144878160106e-01;-1.014543489594307513e+00;1.000000000000000000e+00;1.000000000000000000e+00;1.000000000000000000e+00;1.000000000000000000e+00;1.000000000000000000e+00;1.000000000000000000e+00;1.000000000000000000e+00;1.000000000000000000e+00;1.000000000000000000e+00;1.000000000000000000e+00
2.474006471063542878e-01;-7.495365819730583912e-01;1.000000000000000000e+00;1.000000000000000000e+00;1.000000000000000000e+00;1.000000000000000000e+00;1.000000000000000000e+00;1.000000000000000000e+00;1.000000000000000000e+00;1.000000000000000000e+00;1.000000000000000000e+00;1.000000000000000000e+00
4.476546578528844966e-02;-2.467077319585695427e-01;1.000000000000000000e+00;1.000000000000000000e+00;1.000000000000000000e+00;1.000000000000000000e+00;1.000000000000000000e+00;1.000000000000000000e+00;1.000000000000000000e+00;1.000000000000000000e+00;1.000000000000000000e+00;1.000000000000000000e+00
1.665263954255142842e+00;-6.422902392495646318e-01;1.000000000000000000e+00;1.000000000000000000e+00;1.000000000000000000e+00;1.000000000000000000e+00;1.000000000000000000e+00;1.000000000000000000e+00;1.000000000000000000e+00;1.000000000000000000e+00;1.000000000000000000e+00;1.000000000000000000e+00
2.279413618967197908e-02;-1.963853089913737415e-01;1.000000000000000000e+00;1.000000000000000000e+00;1.000000000000000000e+00;1.000000000000000000e+00;1.000000000000000000e+00;1.000000000000000000e+00;1.000000000000000000e+00;1.000000000000000000e+00;1.000000000000000000e+00;1.000000000000000000e+00
1.802936732724297109e+00;-7.764797188308452114e-01;1.000000000000000000e+00;1.000000000000000000e+00;1.000000000000000000e+00;1.000000000000000000e+00;1.000000000000000000e+00;1.000000000000000000e+00;1.000000000000000000e+00;1.000000000000000000e+00;1.000000000000000000e+00;1.000000000000000000e+00
-6.687281966860146865e-01;5.949945537286901454e-01;0.000000000000000000e+00;0.000000000000000000e+00;0.000000000000000000e+00;0.000000000000000000e+00;0.000000000000000000e+00;0.000000000000000000e+00;0.000000000000000000e+00;0.000000000000000000e+00;0.000000000000000000e+00;0.000000000000000000e+00
-8.560420970262654361e-01;2.181358955187410326e-02;0.000000000000000000e+00;0.000000000000000000e+00;0.000000000000000000e+00;0.000000000000000000e+00;0.000000000000000000e+00;0.000000000000000000e+00;0.000000000000000000e+00;1.000000000000000000e+00;0.000000000000000000e+00;0.000000000000000000e+00
1.110632910482844293e+00;7.716381493013363402e-02;0.000000000000000000e+00;0.000000000000000000e+00;0.000000000000000000e+00;0.000000000000000000e+00;0.000000000000000000e+00;0.000000000000000000e+00;0.000000000000000000e+00;0.000000000000000000e+00;0.000000000000000000e+00;0.000000000000000000e+00
1.654116331562304198e-01;-7.095618952539578528e-01;1.000000000000000000e+00;1.000000000000000000e+00;1.000000000000000000e+00;1.000000000000000000e+00;1.000000000000000000e+00;1.000000000000000000e+00;1.000000000000000000e+00;1.000000000000000000e+00;1.000000000000000000e+00;1.000000000000000000e+00
1.458946996083773096e-01;-3.995450689728886617e-01;1.000000000000000000e+00;1.000000000000000000e+00;1.000000000000000000e+00;1.000000000000000000e+00;1.000000000000000000e+00;1.000000000000000000e+00;1.000000000000000000e+00;1.000000000000000000e+00;1.000000000000000000e+00;1.000000000000000000e+00
1.465588662442435686e+00;-1.157080374097365638e+00;1.000000000000000000e+00;1.000000000000000000e+00;1.000000000000000000e+00;1.000000000000000000e+00;1.000000000000000000e+00;1.000000000000000000e+00;1.000000000000000000e+00;1.000000000000000000e+00;1.000000000000000000e+00;1.000000000000000000e+00
-7.446191956519314648e-01;6.169515168751308343e-01;0.000000000000000000e+00;0.000000000000000000e+00;0.000000000000000000e+00;0.000000000000000000e+00;0.000000000000000000e+00;0.000000000000000000e+00;0.000000000000000000e+00;0.000000000000000000e+00;0.000000000000000000e+00;0.000000000000000000e+00
1.578649523593739001e+00;-9.251906416642308173e-01;1.000000000000000000e+00;1.000000000000000000e+00;1.000000000000000000e+00;1.000000000000000000e+00;1.000000000000000000e+00;1.000000000000000000e+00;1.000000000000000000e+00;1.000000000000000000e+00;1.000000000000000000e+00;1.000000000000000000e+00
-1.011433450239374476e+00;1.370145879852888715e-01;0.000000000000000000e+00;0.000000000000000000e+00;0.000000000000000000e+00;0.000000000000000000e+00;0.000000000000000000e+00;0.000000000000000000e+00;0.000000000000000000e+00;0.000000000000000000e+00;0.000000000000000000e+00;0.000000000000000000e+00
-9.810028712500917791e-01;1.785358907565092190e-01;0.000000000000000000e+00;0.000000000000000000e+00;0.000000000000000000e+00;0.000000000000000000e+00;0.000000000000000000e+00;0.000000000000000000e+00;0.000000000000000000e+00;0.000000000000000000e+00;0.000000000000000000e+00;0.000000000000000000e+00
-8.914704358657666861e-01;5.442652593740767708e-01;0.000000000000000000e+00;0.000000000000000000e+00;0.000000000000000000e+00;0.000000000000000000e+00;0.000000000000000000e+00;0.000000000000000000e+00;0.000000000000000000e+00;0.000000000000000000e+00;0.000000000000000000e+00;0.000000000000000000e+00
-1.007023462919445000e+00;6.710789663926490789e-01;0.000000000000000000e+00;0.000000000000000000e+00;0.000000000000000000e+00;0.000000000000000000e+00;0.000000000000000000e+00;0.000000000000000000e+00;0.000000000000000000e+00;0.000000000000000000e+00;0.000000000000000000e+00;0.000000000000000000e+00
1.870132679597657166e+00;-6.151045166839675948e-01;1.000000000000000000e+00;1.000000000000000000e+00;1.000000000000000000e+00;1.000000000000000000e+00;1.000000000000000000e+00;1.000000000000000000e+00;1.000000000000000000e+00;1.000000000000000000e+00;1.000000000000000000e+00;1.000000000000000000e+00
1.921996188663402494e+00;-2.080012651867158002e-01;1.000000000000000000e+00;1.000000000000000000e+00;1.000000000000000000e+00;1.000000000000000000e+00;1.000000000000000000e+00;1.000000000000000000e+00;1.000000000000000000e+00;1.000000000000000000e+00;1.000000000000000000e+00;1.000000000000000000e+00
1.854923006720706979e+00;-4.076885040543587468e-01;1.000000000000000000e+00;1.000000000000000000e+00;1.000000000000000000e+00;1.000000000000000000e+00;1.000000000000000000e+00;1.000000000000000000e+00;1.000000000000000000e+00;1.000000000000000000e+00;1.000000000000000000e+00;1.000000000000000000e+00
1.550107404547022227e+00;-9.657397366121257543e-01;1.000000000000000000e+00;1.000000000000000000e+00;1.000000000000000000e+00;1.000000000000000000e+00;1.000000000000000000e+00;1.000000000000000000e+00;1.000000000000000000e+00;1.000000000000000000e+00;1.000000000000000000e+00;1.000000000000000000e+00
-4.951504264159176105e-01;8.678513020730548311e-01;0.000000000000000000e+00;0.000000000000000000e+00;0.000000000000000000e+00;0.000000000000000000e+00;0.000000000000000000e+00;0.000000000000000000e+00;0.000000000000000000e+00;0.000000000000000000e+00;0.000000000000000000e+00;0.000000000000000000e+00
1.621681535525109963e+00;-8.212096184517736486e-01;1.000000000000000000e+00;1.000000000000000000e+00;1.000000000000000000e+00;1.000000000000000000e+00;1.000000000000000000e+00;1.000000000000000000e+00;1.000000000000000000e+00;1.000000000000000000e+00;1.000000000000000000e+00;1.000000000000000000e+00
1.050569917315556934e+00;1.626200395916797548e-01;0.000000000000000000e+00;0.000000000000000000e+00;0.000000000000000000e+00;0.000000000000000000e+00;0.000000000000000000e+00;0.000000000000000000e+00;0.000000000000000000e+00;0.000000000000000000e+00;0.000000000000000000e+00;0.000000000000000000e+00
9.647095770717393215e-01;-1.838652877548144909e-03;0.000000000000000000e+00;0.000000000000000000e+00;0.000000000000000000e+00;0.000000000000000000e+00;0.000000000000000000e+00;0.000000000000000000e+00;0.000000000000000000e+00;0.000000000000000000e+00;0.000000000000000000e+00;0.000000000000000000e+00
6.031218177859998253e-01;9.899573037836240097e-01;0.000000000000000000e+00;0.000000000000000000e+00;0.000000000000000000e+00;0.000000000000000000e+00;0.000000000000000000e+00;0.000000000000000000e+00;0.000000000000000000e+00;0.000000000000000000e+00;0.000000000000000000e+00;0.000000000000000000e+00
1.663546928912966960e+00;-7.917521494292819595e-01;1.000000000000000000e+00;1.000000000000000000e+00;1.000000000000000000e+00;1.000000000000000000e+00;1.000000000000000000e+00;1.000000000000000000e+00;1.000000000000000000e+00;1.000000000000000000e+00;1.000000000000000000e+00;1.000000000000000000e+00
8.151994699626076146e-01;2.314612838992366473e-01;0.000000000000000000e+00;0.000000000000000000e+00;0.000000000000000000e+00;0.000000000000000000e+00;0.000000000000000000e+00;0.000000000000000000e+00;0.000000000000000000e+00;0.000000000000000000e+00;0.000000000000000000e+00;0.000000000000000000e+00
1.945457819935280552e+00;-6.180766669727296714e-01;1.000000000000000000e+00;1.000000000000000000e+00;1.000000000000000000e+00;1.000000000000000000e+00;1.000000000000000000e+00;1.000000000000000000e+00;1.000000000000000000e+00;1.000000000000000000e+00;1.000000000000000000e+00;1.000000000000000000e+00
1.522820552215098100e-01;-7.494298482036824138e-01;1.000000000000000000e+00;1.000000000000000000e+00;1.000000000000000000e+00;1.000000000000000000e+00;1.000000000000000000e+00;1.000000000000000000e+00;1.000000000000000000e+00;1.000000000000000000e+00;1.000000000000000000e+00;1.000000000000000000e+00
-1.340582824376481685e-01;1.124884526549635000e+00;0.000000000000000000e+00;0.000000000000000000e+00;0.000000000000000000e+00;0.000000000000000000e+00;0.000000000000000000e+00;0.000000000000000000e+00;0.000000000000000000e+00;0.000000000000000000e+00;0.000000000000000000e+00;0.000000000000000000e+00
1.113340352559159391e-01;-3.819455137673717360e-01;1.000000000000000000e+00;1.000000000000000000e+00;1.000000000000000000e+00;1.000000000000000000e+00;1.000000000000000000e+00;1.000000000000000000e+00;1.000000000000000000e+00;1.000000000000000000e+00;1.000000000000000000e+00;1.000000000000000000e+00
2.091786101240895146e+00;-1.304475330238389352e-01;1.000000000000000000e+00;1.000000000000000000e+00;1.000000000000000000e+00;1.000000000000000000e+00;1.000000000000000000e+00;1.000000000000000000e+00;1.000000000000000000e+00;1.000000000000000000e+00;1.000000000000000000e+00;1.000000000000000000e+00
1.974826920735923419e-01;9.981948063798784521e-01;0.000000000000000000e+00;0.000000000000000000e+00;0.000000000000000000e+00;0.000000000000000000e+00;0.000000000000000000e+00;0.000000000000000000e+00;0.000000000000000000e+00;0.000000000000000000e+00;0.000000000000000000e+00;0.000000000000000000e+00
4.469863542927700606e-01;9.222118132015818537e-01;0.000000000000000000e+00;0.000000000000000000e+00;0.000000000000000000e+00;0.000000000000000000e+00;0.000000000000000000e+00;0.000000000000000000e+00;0.000000000000000000e+00;0.000000000000000000e+00;0.000000000000000000e+00;0.000000000000000000e+00
1.350552561491469739e+00;-8.993289361726080067e-01;1.000000000000000000e+00;1.000000000000000000e+00;1.000000000000000000e+00;1.000000000000000000e+00;1.000000000000000000e+00;1.000000000000000000e+00;1.000000000000000000e+00;1.000000000000000000e+00;1.000000000000000000e+00;1.000000000000000000e+00
-1.115098608533356961e+00;3.504530127552578089e-01;0.000000000000000000e+00;0.000000000000000000e+00;0.000000000000000000e+00;0.000000000000000000e+00;0.000000000000000000e+00;0.000000000000000000e+00;0.000000000000000000e+00;0.000000000000000000e+00;0.000000000000000000e+00;0.000000000000000000e+00
2.270386387219921254e+00;-2.872704801568287669e-01;1.000000000000000000e+00;1.000000000000000000e+00;1.000000000000000000e+00;1.000000000000000000e+00;1.000000000000000000e+00;1.000000000000000000e+00;1.000000000000000000e+00;1.000000000000000000e+00;1.000000000000000000e+00;1.000000000000000000e+00
-1.397515449646579422e-01;-4.560949794357804787e-02;1.000000000000000000e+00;1.000000000000000000e+00;1.000000000000000000e+00;1.000000000000000000e+00;1.000000000000000000e+00;1.000000000000000000e+00;1.000000000000000000e+00;1.000000000000000000e+00;1.000000000000000000e+00;1.000000000000000000e+00
-7.560620666088603281e-01;7.961175023086227709e-01;0.000000000000000000e+00;0.000000000000000000e+00;0.000000000000000000e+00;0.000000000000000000e+00;0.000000000000000000e+00;0.000000000000000000e+00;0.000000000000000000e+00;0.000000000000000000e+00;0.000000000000000000e+00;0.000000000000000000e+00
-5.814017966782997204e-01;5.429836732404450528e-01;0.000000000000000000e+00;0.000000000000000000e+00;0.000000000000000000e+00;0.000000000000000000e+00;0.000000000000000000e+00;0.000000000000000000e+00;0.000000000000000000e+00;0.000000000000000000e+00;0.000000000000000000e+00;0.000000000000000000e+00
7.395511722219315631e-01;5.479238657699286863e-01;0.000000000000000000e+00;0.000000000000000000e+00;0.000000000000000000e+00;0.000000000000000000e+00;0.000000000000000000e+00;0.000000000000000000e+00;0.000000000000000000e+00;0.000000000000000000e+00;0.000000000000000000e+00;0.000000000000000000e+00
3.562969163078975043e-01;8.824317384801262376e-01;0.000000000000000000e+00;0.000000000000000000e+00;0.000000000000000000e+00;0.000000000000000000e+00;0.000000000000000000e+00;0.000000000000000000e+00;0.000000000000000000e+00;0.000000000000000000e+00;0.000000000000000000e+00;0.000000000000000000e+00
-7.649759511968331482e-01;5.293086251678142951e-01;0.000000000000000000e+00;0.000000000000000000e+00;0.000000000000000000e+00;0.000000000000000000e+00;0.000000000000000000e+00;0.000000000000000000e+00;0.000000000000000000e+00;0.000000000000000000e+00;0.000000000000000000e+00;0.000000000000000000e+00
-2.093425379612610382e-01;7.647819006994582836e-01;0.000000000000000000e+00;0.000000000000000000e+00;0.000000000000000000e+00;0.000000000000000000e+00;0.000000000000000000e+00;0.000000000000000000e+00;0.000000000000000000e+00;0.000000000000000000e+00;0.000000000000000000e+00;0.000000000000000000e+00
-9.028150005465694905e-01;3.182378476796358657e-01;0.000000000000000000e+00;0.000000000000000000e+00;0.000000000000000000e+00;0.000000000000000000e+00;0.000000000000000000e+00;0.000000000000000000e+00;0.000000000000000000e+00;0.000000000000000000e+00;0.000000000000000000e+00;0.000000000000000000e+00
-9.823130610292502007e-01;4.084215494566537097e-01;0.000000000000000000e+00;0.000000000000000000e+00;0.000000000000000000e+00;0.000000000000000000e+00;0.000000000000000000e+00;0.000000000000000000e+00;0.000000000000000000e+00;0.000000000000000000e+00;0.000000000000000000e+00;0.000000000000000000e+00
1.519716457722692482e+00;-7.754211659170325843e-01;1.000000000000000000e+00;1.000000000000000000e+00;1.000000000000000000e+00;1.000000000000000000e+00;1.000000000000000000e+00;1.000000000000000000e+00;1.000000000000000000e+00;1.000000000000000000e+00;1.000000000000000000e+00;1.000000000000000000e+00
-8.944954415560140149e-01;5.025839111648923163e-01;0.000000000000000000e+00;0.000000000000000000e+00;0.000000000000000000e+00;0.000000000000000000e+00;0.000000000000000000e+00;0.000000000000000000e+00;0.000000000000000000e+00;0.000000000000000000e+00;0.000000000000000000e+00;0.000000000000000000e+00
1.217287863569900930e+00;-8.696985438840201255e-01;1.000000000000000000e+00;1.000000000000000000e+00;1.000000000000000000e+00;1.000000000000000000e+00;1.000000000000000000e+00;1.000000000000000000e+00;1.000000000000000000e+00;1.000000000000000000e+00;1.000000000000000000e+00;1.000000000000000000e+00
9.179792371439172705e-01;3.649273423400170580e-01;0.000000000000000000e+00;0.000000000000000000e+00;0.000000000000000000e+00;0.000000000000000000e+00;0.000000000000000000e+00;0.000000000000000000e+00;0.000000000000000000e+00;0.000000000000000000e+00;0.000000000000000000e+00;0.000000000000000000e+00
2.558689486329260299e-01;-1.081610540288419076e-02;1.000000000000000000e+00;1.000000000000000000e+00;1.000000000000000000e+00;1.000000000000000000e+00;1.000000000000000000e+00;1.000000000000000000e+00;1.000000000000000000e+00;1.000000000000000000e+00;1.000000000000000000e+00;1.000000000000000000e+00
4.310751570825650525e-01;-9.147641242672106543e-01;1.000000000000000000e+00;1.000000000000000000e+00;1.000000000000000000e+00;1.000000000000000000e+00;1.000000000000000000e+00;1.000000000000000000e+00;1.000000000000000000e+00;1.000000000000000000e+00;1.000000000000000000e+00;1.000000000000000000e+00
1.605273530169854190e+00;-1.011916380165377438e+00;1.000000000000000000e+00;1.000000000000000000e+00;1.000000000000000000e+00;1.000000000000000000e+00;1.000000000000000000e+00;1.000000000000000000e+00;1.000000000000000000e+00;1.000000000000000000e+00;1.000000000000000000e+00;1.000000000000000000e+00
4.183806953650495708e-01;-8.795491725239604763e-01;1.000000000000000000e+00;1.000000000000000000e+00;1.000000000000000000e+00;1.000000000000000000e+00;1.000000000000000000e+00;1.000000000000000000e+00;1.000000000000000000e+00;1.000000000000000000e+00;1.000000000000000000e+00;1.000000000000000000e+00
8.127167137144420961e-01;-9.058759998512271316e-01;1.000000000000000000e+00;1.000000000000000000e+00;1.000000000000000000e+00;1.000000000000000000e+00;1.000000000000000000e+00;1.000000000000000000e+00;1.000000000000000000e+00;1.000000000000000000e+00;1.000000000000000000e+00;1.000000000000000000e+00
7.657396400455973584e-01;6.173538678108330124e-01;0.000000000000000000e+00;0.000000000000000000e+00;0.000000000000000000e+00;0.000000000000000000e+00;0.000000000000000000e+00;0.000000000000000000e+00;0.000000000000000000e+00;0.000000000000000000e+00;0.000000000000000000e+00;0.000000000000000000e+00
7.538066788975336108e-01;5.677214584685649212e-01;0.000000000000000000e+00;0.000000000000000000e+00;0.000000000000000000e+00;0.000000000000000000e+00;0.000000000000000000e+00;0.000000000000000000e+00;0.000000000000000000e+00;0.000000000000000000e+00;0.000000000000000000e+00;0.000000000000000000e+00
-6.127300875170990091e-01;7.498648685632622879e-01;0.000000000000000000e+00;0.000000000000000000e+00;0.000000000000000000e+00;0.000000000000000000e+00;0.000000000000000000e+00;0.000000000000000000e+00;0.000000000000000000e+00;0.000000000000000000e+00;0.000000000000000000e+00;0.000000000000000000e+00
1.117974430271546915e-01;1.079058778436569277e+00;0.000000000000000000e+00;0.000000000000000000e+00;0.000000000000000000e+00;0.000000000000000000e+00;0.000000000000000000e+00;0.000000000000000000e+00;0.000000000000000000e+00;0.000000000000000000e+00;0.000000000000000000e+00;0.000000000000000000e+00
-8.001018086210662239e-02;8.446288090183668995e-01;0.000000000000000000e+00;0.000000000000000000e+00;0.000000000000000000e+00;0.000000000000000000e+00;0.000000000000000000e+00;0.000000000000000000e+00;0.000000000000000000e+00;0.000000000000000000e+00;0.000000000000000000e+00;0.000000000000000000e+00
9.691216262804107640e-01;-9.854873428120162204e-01;1.000000000000000000e+00;1.000000000000000000e+00;1.000000000000000000e+00;1.000000000000000000e+00;1.000000000000000000e+00;1.000000000000000000e+00;1.000000000000000000e+00;1.000000000000000000e+00;1.000000000000000000e+00;1.000000000000000000e+00
-8.399558844377638112e-01;5.594068715625278854e-01;0.000000000000000000e+00;0.000000000000000000e+00;0.000000000000000000e+00;0.000000000000000000e+00;0.000000000000000000e+00;0.000000000000000000e+00;0.000000000000000000e+00;0.000000000000000000e+00;0.000000000000000000e+00;0.000000000000000000e+00
6.582951792057939455e-02;-2.741435269622581328e-01;1.000000000000000000e+00;1.000000000000000000e+00;1.000000000000000000e+00;1.000000000000000000e+00;1.000000000000000000e+00;1.000000000000000000e+00;1.000000000000000000e+00;1.000000000000000000e+00;1.000000000000000000e+00;1.000000000000000000e+00
1.029837432769157846e-01;-6.618327342584975348e-01;1.000000000000000000e+00;1.000000000000000000e+00;1.000000000000000000e+00;1.000000000000000000e+00;1.000000000000000000e+00;1.000000000000000000e+00;1.000000000000000000e+00;1.000000000000000000e+00;1.000000000000000000e+00;1.000000000000000000e+00
3.504192145558050475e-01;-8.266250749427372924e-01;1.000000000000000000e+00;1.000000000000000000e+00;1.000000000000000000e+00;1.000000000000000000e+00;1.000000000000000000e+00;1.000000000000000000e+00;1.000000000000000000e+00;1.000000000000000000e+00;1.000000000000000000e+00;1.000000000000000000e+00
-8.474557127404422907e-01;2.764344607129941567e-01;0.000000000000000000e+00;0.000000000000000000e+00;0.000000000000000000e+00;0.000000000000000000e+00;0.000000000000000000e+00;0.000000000000000000e+00;0.000000000000000000e+00;0.000000000000000000e+00;0.000000000000000000e+00;0.000000000000000000e+00
-3.660674090045810125e-01;9.287831503354646578e-01;0.000000000000000000e+00;0.000000000000000000e+00;0.000000000000000000e+00;0.000000000000000000e+00;0.000000000000000000e+00;0.000000000000000000e+00;0.000000000000000000e+00;0.000000000000000000e+00;0.000000000000000000e+00;0.000000000000000000e+00
-1.184185883603699363e+00;2.332814806044172518e-01;0.000000000000000000e+00;0.000000000000000000e+00;0.000000000000000000e+00;0.000000000000000000e+00;0.000000000000000000e+00;0.000000000000000000e+00;0.000000000000000000e+00;0.000000000000000000e+00;0.000000000000000000e+00;0.000000000000000000e+00
7.983494106144348734e-01;4.093903708292622179e-01;0.000000000000000000e+00;0.000000000000000000e+00;0.000000000000000000e+00;0.000000000000000000e+00;0.000000000000000000e+00;0.000000000000000000e+00;0.000000000000000000e+00;0.000000000000000000e+00;0.000000000000000000e+00;0.000000000000000000e+00
2.177750235585179106e-01;9.102050020276900577e-01;0.000000000000000000e+00;0.000000000000000000e+00;0.000000000000000000e+00;0.000000000000000000e+00;0.000000000000000000e+00;0.000000000000000000e+00;0.000000000000000000e+00;0.000000000000000000e+00;0.000000000000000000e+00;0.000000000000000000e+00
8.690728802076312931e-01;-1.002461220892879812e+00;1.000000000000000000e+00;1.000000000000000000e+00;1.000000000000000000e+00;1.000000000000000000e+00;1.000000000000000000e+00;1.000000000000000000e+00;1.000000000000000000e+00;1.000000000000000000e+00;1.000000000000000000e+00;1.000000000000000000e+00
-5.536069560422565705e-02;1.186700483390104033e+00;0.000000000000000000e+00;0.000000000000000000e+00;0.000000000000000000e+00;0.000000000000000000e+00;0.000000000000000000e+00;0.000000000000000000e+00;0.000000000000000000e+00;0.000000000000000000e+00;0.000000000000000000e+00;0.000000000000000000e+00
9.848196531629305195e-01;3.076368334191396103e-01;0.000000000000000000e+00;0.000000000000000000e+00;0.000000000000000000e+00;0.000000000000000000e+00;0.000000000000000000e+00;0.000000000000000000e+00;0.000000000000000000e+00;0.000000000000000000e+00;0.000000000000000000e+00;0.000000000000000000e+00
8.715086020448290505e-01;-1.013005001371615643e+00;1.000000000000000000e+00;1.000000000000000000e+00;1.000000000000000000e+00;1.000000000000000000e+00;1.000000000000000000e+00;1.000000000000000000e+00;1.000000000000000000e+00;1.000000000000000000e+00;1.000000000000000000e+00;1.000000000000000000e+00
-1.378570722780858848e-01;-1.243806868280001865e-01;1.000000000000000000e+00;1.000000000000000000e+00;1.000000000000000000e+00;1.000000000000000000e+00;1.000000000000000000e+00;1.000000000000000000e+00;1.000000000000000000e+00;1.000000000000000000e+00;1.000000000000000000e+00;1.000000000000000000e+00
1.839530076189880514e+00;-4.039575629092577169e-01;1.000000000000000000e+00;1.000000000000000000e+00;1.000000000000000000e+00;1.000000000000000000e+00;1.000000000000000000e+00;1.000000000000000000e+00;1.000000000000000000e+00;1.000000000000000000e+00;1.000000000000000000e+00;1.000000000000000000e+00
1.868065211086259447e+00;-2.262452190086772230e-02;1.000000000000000000e+00;1.000000000000000000e+00;1.000000000000000000e+00;1.000000000000000000e+00;1.000000000000000000e+00;1.000000000000000000e+00;1.000000000000000000e+00;1.000000000000000000e+00;1.000000000000000000e+00;1.000000000000000000e+00
-1.065649862096780476e+00;1.841203593162920038e-01;0.000000000000000000e+00;0.000000000000000000e+00;0.000000000000000000e+00;0.000000000000000000e+00;0.000000000000000000e+00;0.000000000000000000e+00;0.000000000000000000e+00;0.000000000000000000e+00;0.000000000000000000e+00;0.000000000000000000e+00
9.089649821886582881e-01;4.420082457536769066e-02;0.000000000000000000e+00;0.000000000000000000e+00;0.000000000000000000e+00;0.000000000000000000e+00;0.000000000000000000e+00;0.000000000000000000e+00;0.000000000000000000e+00;0.000000000000000000e+00;0.000000000000000000e+00;0.000000000000000000e+00
6.829882236286837216e-01;-8.452033437706729657e-01;1.000000000000000000e+00;1.000000000000000000e+00;1.000000000000000000e+00;1.000000000000000000e+00;1.000000000000000000e+00;1.000000000000000000e+00;1.000000000000000000e+00;1.000000000000000000e+00;1.000000000000000000e+00;1.000000000000000000e+00
1.839317565021926226e+00;-2.402415588359814724e-01;1.000000000000000000e+00;1.000000000000000000e+00;1.000000000000000000e+00;1.000000000000000000e+00;1.000000000000000000e+00;1.000000000000000000e+00;1.000000000000000000e+00;1.000000000000000000e+00;1.000000000000000000e+00;1.000000000000000000e+00
2.873768546251268541e-01;-3.276577037730226127e-01;1.000000000000000000e+00;1.000000000000000000e+00;1.000000000000000000e+00;1.000000000000000000e+00;1.000000000000000000e+00;1.000000000000000000e+00;1.000000000000000000e+00;1.000000000000000000e+00;1.000000000000000000e+00;1.000000000000000000e+00
1.147925140699525448e+00;-8.496124628471177775e-01;1.000000000000000000e+00;1.000000000000000000e+00;1.000000000000000000e+00;1.000000000000000000e+00;1.000000000000000000e+00;1.000000000000000000e+00;1.000000000000000000e+00;1.000000000000000000e+00;1.000000000000000000e+00;1.000000000000000000e+00
6.297135000511534519e-01;5.754003850767606121e-01;0.000000000000000000e+00;0.000000000000000000e+00;0.000000000000000000e+00;0.000000000000000000e+00;0.000000000000000000e+00;0.000000000000000000e+00;0.000000000000000000e+00;0.000000000000000000e+00;0.000000000000000000e+00;0.000000000000000000e+00
-5.419269907244502749e-01;8.500977558894637909e-01;0.000000000000000000e+00;0.000000000000000000e+00;0.000000000000000000e+00;0.000000000000000000e+00;0.000000000000000000e+00;0.000000000000000000e+00;0.000000000000000000e+00;0.000000000000000000e+00;0.000000000000000000e+00;0.000000000000000000e+00
8.634128601787536272e-01;-7.781313898495487713e-01;1.000000000000000000e+00;1.000000000000000000e+00;1.000000000000000000e+00;1.000000000000000000e+00;1.000000000000000000e+00;1.000000000000000000e+00;1.000000000000000000e+00;1.000000000000000000e+00;1.000000000000000000e+00;1.000000000000000000e+00
1.672992365641961188e+00;-4.667925481833917756e-01;1.000000000000000000e+00;1.000000000000000000e+00;1.000000000000000000e+00;1.000000000000000000e+00;1.000000000000000000e+00;1.000000000000000000e+00;1.000000000000000000e+00;1.000000000000000000e+00;1.000000000000000000e+00;1.000000000000000000e+00
1.020904819829399290e+00;-1.416638444279816333e-02;0.000000000000000000e+00;0.000000000000000000e+00;0.000000000000000000e+00;0.000000000000000000e+00;0.000000000000000000e+00;0.000000000000000000e+00;0.000000000000000000e+00;0.000000000000000000e+00;0.000000000000000000e+00;0.000000000000000000e+00
3.761971861438037634e-01;8.760584380729972143e-01;0.000000000000000000e+00;0.000000000000000000e+00;0.000000000000000000e+00;0.000000000000000000e+00;0.000000000000000000e+00;0.000000000000000000e+00;0.000000000000000000e+00;0.000000000000000000e+00;0.000000000000000000e+00;0.000000000000000000e+00
1.787840663066686320e+00;-5.959706499509400679e-01;1.000000000000000000e+00;1.000000000000000000e+00;1.000000000000000000e+00;1.000000000000000000e+00;1.000000000000000000e+00;1.000000000000000000e+00;1.000000000000000000e+00;1.000000000000000000e+00;1.000000000000000000e+00;1.000000000000000000e+00
5.479467460054042727e-01;8.523846064698453739e-01;0.000000000000000000e+00;0.000000000000000000e+00;0.000000000000000000e+00;0.000000000000000000e+00;0.000000000000000000e+00;0.000000000000000000e+00;0.000000000000000000e+00;0.000000000000000000e+00;0.000000000000000000e+00;0.000000000000000000e+00
8.774837984120951173e-01;6.328720483881868919e-01;0.000000000000000000e+00;0.000000000000000000e+00;0.000000000000000000e+00;0.000000000000000000e+00;0.000000000000000000e+00;0.000000000000000000e+00;0.000000000000000000e+00;0.000000000000000000e+00;0.000000000000000000e+00;0.000000000000000000e+00
-1.810623291288546710e-01;-3.539199498036006974e-01;1.000000000000000000e+00;1.000000000000000000e+00;1.000000000000000000e+00;1.000000000000000000e+00;1.000000000000000000e+00;1.000000000000000000e+00;1.000000000000000000e+00;1.000000000000000000e+00;1.000000000000000000e+00;1.000000000000000000e+00
3.837587124642688474e-01;8.518023787510322631e-01;0.000000000000000000e+00;0.000000000000000000e+00;0.000000000000000000e+00;0.000000000000000000e+00;0.000000000000000000e+00;0.000000000000000000e+00;0.000000000000000000e+00;0.000000000000000000e+00;0.000000000000000000e+00;0.000000000000000000e+00
2.023557003870390114e-01;1.103499310481451889e+00;0.000000000000000000e+00;0.000000000000000000e+00;0.000000000000000000e+00;0.000000000000000000e+00;0.000000000000000000e+00;0.000000000000000000e+00;0.000000000000000000e+00;0.000000000000000000e+00;0.000000000000000000e+00;0.000000000000000000e+00
-1.012688305767414754e+00;2.692072590969751267e-01;0.000000000000000000e+00;0.000000000000000000e+00;0.000000000000000000e+00;0.000000000000000000e+00;0.000000000000000000e+00;0.000000000000000000e+00;0.000000000000000000e+00;0.000000000000000000e+00;0.000000000000000000e+00;0.000000000000000000e+00
2.152483667676416523e+00;-7.138301188501472438e-02;1.000000000000000000e+00;1.000000000000000000e+00;1.000000000000000000e+00;1.000000000000000000e+00;1.000000000000000000e+00;1.000000000000000000e+00;1.000000000000000000e+00;1.000000000000000000e+00;1.000000000000000000e+00;1.000000000000000000e+00
6.899660856543894383e-01;6.329198280973139523e-01;0.000000000000000000e+00;0.000000000000000000e+00;0.000000000000000000e+00;0.000000000000000000e+00;0.000000000000000000e+00;0.000000000000000000e+00;0.000000000000000000e+00;0.000000000000000000e+00;0.000000000000000000e+00;0.000000000000000000e+00
1.182458526326939152e+00;-9.977105083226539550e-01;1.000000000000000000e+00;1.000000000000000000e+00;1.000000000000000000e+00;1.000000000000000000e+00;1.000000000000000000e+00;1.000000000000000000e+00;1.000000000000000000e+00;1.000000000000000000e+00;1.000000000000000000e+00;1.000000000000000000e+00
3.347427328785496092e-01;-6.707387080864305462e-01;1.000000000000000000e+00;1.000000000000000000e+00;1.000000000000000000e+00;1.000000000000000000e+00;1.000000000000000000e+00;1.000000000000000000e+00;1.000000000000000000e+00;1.000000000000000000e+00;1.000000000000000000e+00;1.000000000000000000e+00
8.723501878297451606e-01;5.781342420877549904e-01;0.000000000000000000e+00;0.000000000000000000e+00;0.000000000000000000e+00;0.000000000000000000e+00;0.000000000000000000e+00;0.000000000000000000e+00;0.000000000000000000e+00;0.000000000000000000e+00;0.000000000000000000e+00;0.000000000000000000e+00
-7.730134672700575416e-02;-3.320234449874759908e-01;1.000000000000000000e+00;1.000000000000000000e+00;1.000000000000000000e+00;1.000000000000000000e+00;1.000000000000000000e+00;1.000000000000000000e+00;1.000000000000000000e+00;1.000000000000000000e+00;1.000000000000000000e+00;1.000000000000000000e+00
9.320200190549610131e-01;2.264739643229807253e-01;0.000000000000000000e+00;0.000000000000000000e+00;0.000000000000000000e+00;0.000000000000000000e+00;0.000000000000000000e+00;0.000000000000000000e+00;0.000000000000000000e+00;0.000000000000000000e+00;0.000000000000000000e+00;0.000000000000000000e+00
-8.603638301691618473e-01;3.882708783972550481e-01;0.000000000000000000e+00;0.000000000000000000e+00;0.000000000000000000e+00;0.000000000000000000e+00;0.000000000000000000e+00;0.000000000000000000e+00;0.000000000000000000e+00;0.000000000000000000e+00;0.000000000000000000e+00;0.000000000000000000e+00
1.463908334119089938e+00;-6.755507105883231667e-01;1.000000000000000000e+00;1.000000000000000000e+00;1.000000000000000000e+00;1.000000000000000000e+00;1.000000000000000000e+00;1.000000000000000000e+00;1.000000000000000000e+00;1.000000000000000000e+00;1.000000000000000000e+00;1.000000000000000000e+00
1.590682787196732173e-01;-5.524520379568141903e-01;1.000000000000000000e+00;1.000000000000000000e+00;1.000000000000000000e+00;1.000000000000000000e+00;1.000000000000000000e+00;1.000000000000000000e+00;1.000000000000000000e+00;1.000000000000000000e+00;1.000000000000000000e+00;1.000000000000000000e+00
8.132414836778376621e-01;4.112908733121062310e-03;0.000000000000000000e+00;0.000000000000000000e+00;0.000000000000000000e+00;0.000000000000000000e+00;0.000000000000000000e+00;0.000000000000000000e+00;0.000000000000000000e+00;0.000000000000000000e+00;0.000000000000000000e+00;0.000000000000000000e+00
1.749186862703492107e+00;-6.125679954543928885e-01;1.000000000000000000e+00;1.000000000000000000e+00;1.000000000000000000e+00;1.000000000000000000e+00;1.000000000000000000e+00;1.000000000000000000e+00;1.000000000000000000e+00;1.000000000000000000e+00;1.000000000000000000e+00;1.000000000000000000e+00
4.167238774058171780e-01;-7.724068024936326937e-01;1.000000000000000000e+00;1.000000000000000000e+00;1.000000000000000000e+00;1.000000000000000000e+00;1.000000000000000000e+00;1.000000000000000000e+00;1.000000000000000000e+00;1.000000000000000000e+00;1.000000000000000000e+00;1.000000000000000000e+00
-2.105420557922542957e-01;1.018729090299445916e+00;0.000000000000000000e+00;0.000000000000000000e+00;0.000000000000000000e+00;0.000000000000000000e+00;0.000000000000000000e+00;0.000000000000000000e+00;0.000000000000000000e+00;0.000000000000000000e+00;0.000000000000000000e+00;0.000000000000000000e+00
9.018435234336856787e-01;5.393087267310873317e-02;0.000000000000000000e+00;0.000000000000000000e+00;0.000000000000000000e+00;0.000000000000000000e+00;0.000000000000000000e+00;0.000000000000000000e+00;0.000000000000000000e+00;0.000000000000000000e+00;0.000000000000000000e+00;0.000000000000000000e+00
-4.578153743765313033e-01;8.672709006192934611e-01;0.000000000000000000e+00;0.000000000000000000e+00;0.000000000000000000e+00;0.000000000000000000e+00;0.000000000000000000e+00;0.000000000000000000e+00;0.000000000000000000e+00;0.000000000000000000e+00;0.000000000000000000e+00;0.000000000000000000e+00
-1.836305929661726788e-01;9.566667166854285753e-01;0.000000000000000000e+00;0.000000000000000000e+00;0.000000000000000000e+00;0.000000000000000000e+00;0.000000000000000000e+00;0.000000000000000000e+00;0.000000000000000000e+00;0.000000000000000000e+00;0.000000000000000000e+00;0.000000000000000000e+00
2.705848440817879563e-01;-5.101104562215396099e-01;1.000000000000000000e+00;1.000000000000000000e+00;1.000000000000000000e+00;1.000000000000000000e+00;1.000000000000000000e+00;1.000000000000000000e+00;1.000000000000000000e+00;1.000000000000000000e+00;1.000000000000000000e+00;1.000000000000000000e+00
-2.521830371410445082e-01;8.685917976324699641e-01;0.000000000000000000e+00;0.000000000000000000e+00;0.000000000000000000e+00;0.000000000000000000e+00;0.000000000000000000e+00;0.000000000000000000e+00;0.000000000000000000e+00;0.000000000000000000e+00;0.000000000000000000e+00;0.000000000000000000e+00
1.353714566424976562e+00;-1.063971516905983572e+00;1.000000000000000000e+00;1.000000000000000000e+00;1.000000000000000000e+00;1.000000000000000000e+00;1.000000000000000000e+00;1.000000000000000000e+00;1.000000000000000000e+00;1.000000000000000000e+00;1.000000000000000000e+00;1.000000000000000000e+00
1.184746060363959241e+00;-8.971578125230841305e-01;1.000000000000000000e+00;1.000000000000000000e+00;1.000000000000000000e+00;1.000000000000000000e+00;1.000000000000000000e+00;1.000000000000000000e+00;1.000000000000000000e+00;1.000000000000000000e+00;1.000000000000000000e+00;1.000000000000000000e+00
-4.533213024904989563e-01;7.968929360886571889e-01;0.000000000000000000e+00;0.000000000000000000e+00;0.000000000000000000e+00;0.000000000000000000e+00;0.000000000000000000e+00;0.000000000000000000e+00;0.000000000000000000e+00;0.000000000000000000e+00;0.000000000000000000e+00;0.000000000000000000e+00
8.356706781307303433e-02;-5.678973415234419564e-01;1.000000000000000000e+00;1.000000000000000000e+00;1.000000000000000000e+00;1.000000000000000000e+00;1.000000000000000000e+00;1.000000000000000000e+00;1.000000000000000000e+00;1.000000000000000000e+00;1.000000000000000000e+00;1.000000000000000000e+00
3.275372040546023489e-01;-9.403418652216823936e-01;1.000000000000000000e+00;1.000000000000000000e+00;1.000000000000000000e+00;1.000000000000000000e+00;1.000000000000000000e+00;1.000000000000000000e+00;1.000000000000000000e+00;1.000000000000000000e+00;1.000000000000000000e+00;1.000000000000000000e+00
5.793765898920451018e-01;8.049455225490028676e-01;0.000000000000000000e+00;0.000000000000000000e+00;0.000000000000000000e+00;0.000000000000000000e+00;0.000000000000000000e+00;0.000000000000000000e+00;0.000000000000000000e+00;0.000000000000000000e+00;0.000000000000000000e+00;0.000000000000000000e+00
3.601439224340933359e-02;-7.682098868143283354e-02;1.000000000000000000e+00;1.000000000000000000e+00;1.000000000000000000e+00;1.000000000000000000e+00;1.000000000000000000e+00;1.000000000000000000e+00;1.000000000000000000e+00;1.000000000000000000e+00;1.000000000000000000e+00;1.000000000000000000e+00
1.508159740650993230e+00;-9.123781843434962679e-01;1.000000000000000000e+00;1.000000000000000000e+00;1.000000000000000000e+00;1.000000000000000000e+00;1.000000000000000000e+00;1.000000000000000000e+00;1.000000000000000000e+00;1.000000000000000000e+00;1.000000000000000000e+00;1.000000000000000000e+00
5.324413474369252830e-01;7.482638105051659938e-01;0.000000000000000000e+00;0.000000000000000000e+00;0.000000000000000000e+00;0.000000000000000000e+00;0.000000000000000000e+00;0.000000000000000000e+00;0.000000000000000000e+00;0.000000000000000000e+00;0.000000000000000000e+00;0.000000000000000000e+00
-9.677487449259132291e-01;1.908984114566525392e-01;0.000000000000000000e+00;0.000000000000000000e+00;0.000000000000000000e+00;0.000000000000000000e+00;0.000000000000000000e+00;0.000000000000000000e+00;0.000000000000000000e+00;0.000000000000000000e+00;0.000000000000000000e+00;0.000000000000000000e+00
-6.286839789357069608e-02;5.177302473269418392e-02;1.000000000000000000e+00;1.000000000000000000e+00;1.000000000000000000e+00;1.000000000000000000e+00;1.000000000000000000e+00;1.000000000000000000e+00;1.000000000000000000e+00;0.000000000000000000e+00;1.000000000000000000e+00;1.000000000000000000e+00
-8.445271672520009432e-01;1.853921862102794194e-01;0.000000000000000000e+00;0.000000000000000000e+00;0.000000000000000000e+00;0.000000000000000000e+00;0.000000000000000000e+00;0.000000000000000000e+00;0.000000000000000000e+00;0.000000000000000000e+00;0.000000000000000000e+00;0.000000000000000000e+00
8.799693407249951083e-01;1.165859634213993190e-01;0.000000000000000000e+00;0.000000000000000000e+00;0.000000000000000000e+00;0.000000000000000000e+00;0.000000000000000000e+00;0.000000000000000000e+00;0.000000000000000000e+00;0.000000000000000000e+00;0.000000000000000000e+00;0.000000000000000000e+00
-1.010616771300308359e-01;1.183871495118058226e+00;0.000000000000000000e+00;0.000000000000000000e+00;0.000000000000000000e+00;0.000000000000000000e+00;0.000000000000000000e+00;0.000000000000000000e+00;0.000000000000000000e+00;0.000000000000000000e+00;0.000000000000000000e+00;0.000000000000000000e+00
2.110458029049953499e+00;-6.318600446596045472e-01;1.000000000000000000e+00;1.000000000000000000e+00;1.000000000000000000e+00;1.000000000000000000e+00;1.000000000000000000e+00;1.000000000000000000e+00;1.000000000000000000e+00;1.000000000000000000e+00;1.000000000000000000e+00;1.000000000000000000e+00
6.716385320188609231e-01;-8.826454872850797440e-01;1.000000000000000000e+00;1.000000000000000000e+00;1.000000000000000000e+00;1.000000000000000000e+00;1.000000000000000000e+00;1.000000000000000000e+00;1.000000000000000000e+00;1.000000000000000000e+00;1.000000000000000000e+00;1.000000000000000000e+00
4.333601338080777521e-01;-7.401939089162942187e-01;1.000000000000000000e+00;1.000000000000000000e+00;1.000000000000000000e+00;1.000000000000000000e+00;1.000000000000000000e+00;1.000000000000000000e+00;1.000000000000000000e+00;1.000000000000000000e+00;1.000000000000000000e+00;1.000000000000000000e+00
9.008143465876964351e-01;-9.363899435214642075e-01;1.000000000000000000e+00;1.000000000000000000e+00;1.000000000000000000e+00;1.000000000000000000e+00;1.000000000000000000e+00;1.000000000000000000e+00;1.000000000000000000e+00;1.000000000000000000e+00;1.000000000000000000e+00;1.000000000000000000e+00
1.232075927411859784e-01;-4.864661008557127353e-01;1.000000000000000000e+00;1.000000000000000000e+00;1.000000000000000000e+00;1.000000000000000000e+00;1.000000000000000000e+00;1.000000000000000000e+00;1.000000000000000000e+00;1.000000000000000000e+00;1.000000000000000000e+00;1.000000000000000000e+00
1.100588912899752581e+00;-7.607025457565468329e-01;1.000000000000000000e+00;1.000000000000000000e+00;1.000000000000000000e+00;1.000000000000000000e+00;1.000000000000000000e+00;1.000000000000000000e+00;1.000000000000000000e+00;1.000000000000000000e+00;1.000000000000000000e+00;1.000000000000000000e+00
6.997309977641237300e-01;8.010006369213479305e-01;0.000000000000000000e+00;0.000000000000000000e+00;0.000000000000000000e+00;0.000000000000000000e+00;0.000000000000000000e+00;0.000000000000000000e+00;0.000000000000000000e+00;0.000000000000000000e+00;0.000000000000000000e+00;0.000000000000000000e+00
7.873226135912914092e-01;2.161871578015032436e-01;0.000000000000000000e+00;0.000000000000000000e+00;0.000000000000000000e+00;0.000000000000000000e+00;0.000000000000000000e+00;0.000000000000000000e+00;0.000000000000000000e+00;0.000000000000000000e+00;0.000000000000000000e+00;0.000000000000000000e+00
-1.596086817504654420e-01;1.053437430108046913e+00;0.000000000000000000e+00;0.000000000000000000e+00;0.000000000000000000e+00;0.000000000000000000e+00;0.000000000000000000e+00;0.000000000000000000e+00;0.000000000000000000e+00;0.000000000000000000e+00;0.000000000000000000e+00;0.000000000000000000e+00
2.190835577767718811e-01;-6.816806854697025075e-01;1.000000000000000000e+00;1.000000000000000000e+00;1.000000000000000000e+00;1.000000000000000000e+00;1.000000000000000000e+00;1.000000000000000000e+00;1.000000000000000000e+00;1.000000000000000000e+00;1.000000000000000000e+00;1.000000000000000000e+00
-7.913504614557215211e-01;6.637600378693075953e-01;0.000000000000000000e+00;0.000000000000000000e+00;0.000000000000000000e+00;0.000000000000000000e+00;0.000000000000000000e+00;0.000000000000000000e+00;0.000000000000000000e+00;0.000000000000000000e+00;0.000000000000000000e+00;0.000000000000000000e+00
2.071967904011113443e-02;-1.758872794417737362e-01;1.000000000000000000e+00;1.000000000000000000e+00;1.000000000000000000e+00;1.000000000000000000e+00;1.000000000000000000e+00;1.000000000000000000e+00;1.000000000000000000e+00;1.000000000000000000e+00;1.000000000000000000e+00;1.000000000000000000e+00
1.714908260869325574e-01;9.431170005513642707e-01;0.000000000000000000e+00;0.000000000000000000e+00;0.000000000000000000e+00;0.000000000000000000e+00;0.000000000000000000e+00;0.000000000000000000e+00;0.000000000000000000e+00;0.000000000000000000e+00;0.000000000000000000e+00;0.000000000000000000e+00
2.090614765073666170e+00;-3.502757921750556669e-01;1.000000000000000000e+00;1.000000000000000000e+00;1.000000000000000000e+00;1.000000000000000000e+00;1.000000000000000000e+00;1.000000000000000000e+00;1.000000000000000000e+00;1.000000000000000000e+00;1.000000000000000000e+00;1.000000000000000000e+00
1.765680862304773724e+00;-8.315039090075888595e-01;1.000000000000000000e+00;1.000000000000000000e+00;1.000000000000000000e+00;1.000000000000000000e+00;1.000000000000000000e+00;1.000000000000000000e+00;1.000000000000000000e+00;1.000000000000000000e+00;1.000000000000000000e+00;1.000000000000000000e+00
6.000220681605838990e-02;9.958403842164288422e-01;0.000000000000000000e+00;0.000000000000000000e+00;0.000000000000000000e+00;0.000000000000000000e+00;0.000000000000000000e+00;0.000000000000000000e+00;0.000000000000000000e+00;0.000000000000000000e+00;0.000000000000000000e+00;0.000000000000000000e+00
-9.876098608608897544e-01;7.098324104120260492e-01;0.000000000000000000e+00;0.000000000000000000e+00;0.000000000000000000e+00;0.000000000000000000e+00;0.000000000000000000e+00;0.000000000000000000e+00;0.000000000000000000e+00;0.000000000000000000e+00;0.000000000000000000e+00;0.000000000000000000e+00
4.478245512037130616e-01;8.859648295411517438e-01;0.000000000000000000e+00;0.000000000000000000e+00;0.000000000000000000e+00;0.000000000000000000e+00;0.000000000000000000e+00;0.000000000000000000e+00;0.000000000000000000e+00;0.000000000000000000e+00;0.000000000000000000e+00;0.000000000000000000e+00
8.857478515148975440e-01;2.863418273767966427e-01;0.000000000000000000e+00;0.000000000000000000e+00;0.000000000000000000e+00;0.000000000000000000e+00;0.000000000000000000e+00;0.000000000000000000e+00;0.000000000000000000e+00;0.000000000000000000e+00;0.000000000000000000e+00;0.000000000000000000e+00
1.038105577740320307e+00;-9.720721274238770526e-01;1.000000000000000000e+00;1.000000000000000000e+00;1.000000000000000000e+00;1.000000000000000000e+00;1.000000000000000000e+00;1.000000000000000000e+00;1.000000000000000000e+00;1.000000000000000000e+00;1.000000000000000000e+00;1.000000000000000000e+00
5.814278932501754787e-02;1.007041672484917827e+00;0.000000000000000000e+00;0.000000000000000000e+00;0.000000000000000000e+00;0.000000000000000000e+00;0.000000000000000000e+00;0.000000000000000000e+00;0.000000000000000000e+00;0.000000000000000000e+00;0.000000000000000000e+00;0.000000000000000000e+00
-5.753823367539889766e-01;5.927305605195410942e-01;0.000000000000000000e+00;0.000000000000000000e+00;0.000000000000000000e+00;0.000000000000000000e+00;0.000000000000000000e+00;0.000000000000000000e+00;0.000000000000000000e+00;0.000000000000000000e+00;0.000000000000000000e+00;0.000000000000000000e+00
2.040990429336424050e+00;-6.316146738201310340e-01;1.000000000000000000e+00;1.000000000000000000e+00;1.000000000000000000e+00;1.000000000000000000e+00;1.000000000000000000e+00;1.000000000000000000e+00;1.000000000000000000e+00;1.000000000000000000e+00;1.000000000000000000e+00;1.000000000000000000e+00
-8.209493818117858943e-01;7.521370517655669996e-01;0.000000000000000000e+00;0.000000000000000000e+00;0.000000000000000000e+00;0.000000000000000000e+00;0.000000000000000000e+00;0.000000000000000000e+00;0.000000000000000000e+00;0.000000000000000000e+00;0.000000000000000000e+00;0.000000000000000000e+00
2.619995390120684053e-01;-7.507258036919914890e-01;1.000000000000000000e+00;1.000000000000000000e+00;1.000000000000000000e+00;1.000000000000000000e+00;1.000000000000000000e+00;1.000000000000000000e+00;1.000000000000000000e+00;1.000000000000000000e+00;1.000000000000000000e+00;1.000000000000000000e+00
1.116374972022671441e+00;-9.845337680482638687e-01;1.000000000000000000e+00;1.000000000000000000e+00;1.000000000000000000e+00;1.000000000000000000e+00;1.000000000000000000e+00;1.000000000000000000e+00;1.000000000000000000e+00;1.000000000000000000e+00;1.000000000000000000e+00;1.000000000000000000e+00
1.527658786245347233e-01;-3.184175543549261911e-01;1.000000000000000000e+00;1.000000000000000000e+00;1.000000000000000000e+00;1.000000000000000000e+00;1.000000000000000000e+00;1.000000000000000000e+00;1.000000000000000000e+00;1.000000000000000000e+00;1.000000000000000000e+00;1.000000000000000000e+00
8.299536461486659578e-01;-9.068677858610534326e-01;1.000000000000000000e+00;1.000000000000000000e+00;1.000000000000000000e+00;1.000000000000000000e+00;1.000000000000000000e+00;1.000000000000000000e+00;1.000000000000000000e+00;1.000000000000000000e+00;1.000000000000000000e+00;1.000000000000000000e+00
7.238519208180247411e-01;-8.138761854062707135e-01;1.000000000000000000e+00;1.000000000000000000e+00;1.000000000000000000e+00;1.000000000000000000e+00;1.000000000000000000e+00;1.000000000000000000e+00;1.000000000000000000e+00;1.000000000000000000e+00;1.000000000000000000e+00;1.000000000000000000e+00
-3.025417941809732669e-01;8.885465959418765713e-01;0.000000000000000000e+00;0.000000000000000000e+00;0.000000000000000000e+00;0.000000000000000000e+00;0.000000000000000000e+00;0.000000000000000000e+00;0.000000000000000000e+00;0.000000000000000000e+00;0.000000000000000000e+00;0.000000000000000000e+00
1.239471705757785536e+00;-7.424970868643804289e-01;1.000000000000000000e+00;1.000000000000000000e+00;1.000000000000000000e+00;1.000000000000000000e+00;1.000000000000000000e+00;1.000000000000000000e+00;1.000000000000000000e+00;1.000000000000000000e+00;1.000000000000000000e+00;1.000000000000000000e+00
6.633988880798170618e-01;-1.145672833615424269e+00;1.000000000000000000e+00;1.000000000000000000e+00;1.000000000000000000e+00;1.000000000000000000e+00;1.000000000000000000e+00;1.000000000000000000e+00;1.000000000000000000e+00;1.000000000000000000e+00;1.000000000000000000e+00;1.000000000000000000e+00
6.699009243928408797e-01;9.193385896119642409e-01;0.000000000000000000e+00;0.000000000000000000e+00;0.000000000000000000e+00;0.000000000000000000e+00;0.000000000000000000e+00;0.000000000000000000e+00;0.000000000000000000e+00;0.000000000000000000e+00;0.000000000000000000e+00;0.000000000000000000e+00
9.160827317941695469e-01;3.567892079407861683e-01;0.000000000000000000e+00;0.000000000000000000e+00;0.000000000000000000e+00;0.000000000000000000e+00;0.000000000000000000e+00;0.000000000000000000e+00;0.000000000000000000e+00;0.000000000000000000e+00;0.000000000000000000e+00;0.000000000000000000e+00
1.700126903291064639e+00;-2.425573423423854069e-01;1.000000000000000000e+00;1.000000000000000000e+00;1.000000000000000000e+00;1.000000000000000000e+00;1.000000000000000000e+00;1.000000000000000000e+00;1.000000000000000000e+00;1.000000000000000000e+00;1.000000000000000000e+00;1.000000000000000000e+00
1.018855271022728326e+00;4.212638209699415270e-01;0.000000000000000000e+00;0.000000000000000000e+00;0.000000000000000000e+00;0.000000000000000000e+00;0.000000000000000000e+00;0.000000000000000000e+00;0.000000000000000000e+00;0.000000000000000000e+00;0.000000000000000000e+00;0.000000000000000000e+00
1.849664144753482509e+00;-4.949700785404949066e-01;1.000000000000000000e+00;1.000000000000000000e+00;1.000000000000000000e+00;1.000000000000000000e+00;1.000000000000000000e+00;1.000000000000000000e+00;1.000000000000000000e+00;1.000000000000000000e+00;1.000000000000000000e+00;1.000000000000000000e+00
-9.028403833990319427e-01;3.564909989584404970e-01;0.000000000000000000e+00;0.000000000000000000e+00;0.000000000000000000e+00;0.000000000000000000e+00;0.000000000000000000e+00;0.000000000000000000e+00;0.000000000000000000e+00;0.000000000000000000e+00;0.000000000000000000e+00;0.000000000000000000e+00
4.986468050003486918e-01;8.078036575911176076e-01;0.000000000000000000e+00;0.000000000000000000e+00;0.000000000000000000e+00;0.000000000000000000e+00;0.000000000000000000e+00;0.000000000000000000e+00;0.000000000000000000e+00;0.000000000000000000e+00;0.000000000000000000e+00;0.000000000000000000e+00
2.043043732256846656e+00;-5.300632119044851320e-02;1.000000000000000000e+00;1.000000000000000000e+00;1.000000000000000000e+00;1.000000000000000000e+00;1.000000000000000000e+00;1.000000000000000000e+00;1.000000000000000000e+00;1.000000000000000000e+00;1.000000000000000000e+00;1.000000000000000000e+00
2.581850943559774736e-01;-5.785820794311834492e-01;1.000000000000000000e+00;1.000000000000000000e+00;1.000000000000000000e+00;1.000000000000000000e+00;1.000000000000000000e+00;1.000000000000000000e+00;1.000000000000000000e+00;1.000000000000000000e+00;1.000000000000000000e+00;1.000000000000000000e+00
-2.730093385562477604e-01;6.795333665800353806e-01;0.000000000000000000e+00;0.000000000000000000e+00;0.000000000000000000e+00;0.000000000000000000e+00;0.000000000000000000e+00;0.000000000000000000e+00;0.000000000000000000e+00;0.000000000000000000e+00;0.000000000000000000e+00;0.000000000000000000e+00
7.798436219611691866e-01;7.917192063902805943e-01;0.000000000000000000e+00;0.000000000000000000e+00;0.000000000000000000e+00;0.000000000000000000e+00;0.000000000000000000e+00;0.000000000000000000e+00;0.000000000000000000e+00;0.000000000000000000e+00;0.000000000000000000e+00;0.000000000000000000e+00
1.666160784848584653e+00;-5.798465904359428880e-01;1.000000000000000000e+00;1.000000000000000000e+00;1.000000000000000000e+00;1.000000000000000000e+00;1.000000000000000000e+00;1.000000000000000000e+00;1.000000000000000000e+00;1.000000000000000000e+00;1.000000000000000000e+00;1.000000000000000000e+00
3.698211140163204513e-02;-3.696154783368664765e-01;1.000000000000000000e+00;1.000000000000000000e+00;1.000000000000000000e+00;1.000000000000000000e+00;1.000000000000000000e+00;1.000000000000000000e+00;1.000000000000000000e+00;1.000000000000000000e+00;1.000000000000000000e+00;1.000000000000000000e+00
4.030591591637818771e-01;8.264796676884466065e-01;0.000000000000000000e+00;0.000000000000000000e+00;0.000000000000000000e+00;0.000000000000000000e+00;0.000000000000000000e+00;0.000000000000000000e+00;0.000000000000000000e+00;0.000000000000000000e+00;0.000000000000000000e+00;0.000000000000000000e+00
4.623370526577526562e-01;-6.290079058549572499e-01;1.000000000000000000e+00;1.000000000000000000e+00;1.000000000000000000e+00;1.000000000000000000e+00;1.000000000000000000e+00;1.000000000000000000e+00;1.000000000000000000e+00;1.000000000000000000e+00;1.000000000000000000e+00;1.000000000000000000e+00
-6.553395351267191637e-01;8.091734761855271518e-01;0.000000000000000000e+00;0.000000000000000000e+00;0.000000000000000000e+00;0.000000000000000000e+00;0.000000000000000000e+00;0.000000000000000000e+00;0.000000000000000000e+00;0.000000000000000000e+00;0.000000000000000000e+00;0.000000000000000000e+00
8.768378049581714295e-01;2.744615678402731462e-01;0.000000000000000000e+00;0.000000000000000000e+00;0.000000000000000000e+00;0.000000000000000000e+00;0.000000000000000000e+00;0.000000000000000000e+00;0.000000000000000000e+00;0.000000000000000000e+00;0.000000000000000000e+00;0.000000000000000000e+00
-8.935866045796077017e-01;2.256638576733459578e-01;0.000000000000000000e+00;0.000000000000000000e+00;0.000000000000000000e+00;0.000000000000000000e+00;0.000000000000000000e+00;0.000000000000000000e+00;0.000000000000000000e+00;0.000000000000000000e+00;0.000000000000000000e+00;0.000000000000000000e+00
-8.407518438307929332e-01;5.381502743615032003e-01;0.000000000000000000e+00;0.000000000000000000e+00;0.000000000000000000e+00;0.000000000000000000e+00;0.000000000000000000e+00;0.000000000000000000e+00;0.000000000000000000e+00;0.000000000000000000e+00;0.000000000000000000e+00;0.000000000000000000e+00
5.685192781244694515e-01;-8.766189690517692812e-01;1.000000000000000000e+00;1.000000000000000000e+00;1.000000000000000000e+00;1.000000000000000000e+00;1.000000000000000000e+00;1.000000000000000000e+00;1.000000000000000000e+00;1.000000000000000000e+00;1.000000000000000000e+00;1.000000000000000000e+00
4.437376609847821368e-02;-3.701203899064224867e-01;1.000000000000000000e+00;1.000000000000000000e+00;1.000000000000000000e+00;1.000000000000000000e+00;1.000000000000000000e+00;1.000000000000000000e+00;1.000000000000000000e+00;1.000000000000000000e+00;1.000000000000000000e+00;1.000000000000000000e+00
-2.702033186775382873e-02;9.476169376614085316e-02;1.000000000000000000e+00;1.000000000000000000e+00;1.000000000000000000e+00;1.000000000000000000e+00;1.000000000000000000e+00;1.000000000000000000e+00;1.000000000000000000e+00;0.000000000000000000e+00;1.000000000000000000e+00;1.000000000000000000e+00
-1.814284232361107752e-01;8.995480427460963435e-01;0.000000000000000000e+00;0.000000000000000000e+00;0.000000000000000000e+00;0.000000000000000000e+00;0.000000000000000000e+00;0.000000000000000000e+00;0.000000000000000000e+00;0.000000000000000000e+00;0.000000000000000000e+00;0.000000000000000000e+00
-2.593111045778589419e-01;8.935291382341652433e-01;0.000000000000000000e+00;0.000000000000000000e+00;0.000000000000000000e+00;0.000000000000000000e+00;0.000000000000000000e+00;0.000000000000000000e+00;0.000000000000000000e+00;0.000000000000000000e+00;0.000000000000000000e+00;0.000000000000000000e+00
-9.804534336528042404e-01;2.427929355858743365e-01;0.000000000000000000e+00;0.000000000000000000e+00;0.000000000000000000e+00;0.000000000000000000e+00;0.000000000000000000e+00;0.000000000000000000e+00;0.000000000000000000e+00;0.000000000000000000e+00;0.000000000000000000e+00;0.000000000000000000e+00
-7.389903200215759416e-01;7.088255959898926983e-01;0.000000000000000000e+00;0.000000000000000000e+00;0.000000000000000000e+00;0.000000000000000000e+00;0.000000000000000000e+00;0.000000000000000000e+00;0.000000000000000000e+00;0.000000000000000000e+00;0.000000000000000000e+00;0.000000000000000000e+00
2.146103754046965739e-01;1.084575256535700305e+00;0.000000000000000000e+00;0.000000000000000000e+00;0.000000000000000000e+00;0.000000000000000000e+00;0.000000000000000000e+00;0.000000000000000000e+00;0.000000000000000000e+00;0.000000000000000000e+00;0.000000000000000000e+00;0.000000000000000000e+00
-9.187411726192874772e-02;9.141973904400398920e-01;0.000000000000000000e+00;0.000000000000000000e+00;0.000000000000000000e+00;0.000000000000000000e+00;0.000000000000000000e+00;0.000000000000000000e+00;0.000000000000000000e+00;0.000000000000000000e+00;0.000000000000000000e+00;0.000000000000000000e+00
1.650759575870082596e+00;-9.052505245620984242e-01;1.000000000000000000e+00;1.000000000000000000e+00;1.000000000000000000e+00;1.000000000000000000e+00;1.000000000000000000e+00;1.000000000000000000e+00;1.000000000000000000e+00;1.000000000000000000e+00;1.000000000000000000e+00;1.000000000000000000e+00
-6.741980219910601035e-02;-3.029690645454534703e-01;1.000000000000000000e+00;1.000000000000000000e+00;1.000000000000000000e+00;1.000000000000000000e+00;1.000000000000000000e+00;1.000000000000000000e+00;1.000000000000000000e+00;1.000000000000000000e+00;1.000000000000000000e+00;1.000000000000000000e+00
-4.660283607858328181e-01;8.499437737991086816e-01;0.000000000000000000e+00;0.000000000000000000e+00;0.000000000000000000e+00;0.000000000000000000e+00;0.000000000000000000e+00;0.000000000000000000e+00;0.000000000000000000e+00;0.000000000000000000e+00;0.000000000000000000e+00;0.000000000000000000e+00
-5.049922322893849597e-02;1.014896417595312794e+00;0.000000000000000000e+00;0.000000000000000000e+00;0.000000000000000000e+00;0.000000000000000000e+00;0.000000000000000000e+00;0.000000000000000000e+00;0.000000000000000000e+00;0.000000000000000000e+00;0.000000000000000000e+00;0.000000000000000000e+00
-5.073071898892458353e-01;8.478319958038527115e-01;0.000000000000000000e+00;0.000000000000000000e+00;0.000000000000000000e+00;0.000000000000000000e+00;0.000000000000000000e+00;0.000000000000000000e+00;0.000000000000000000e+00;0.000000000000000000e+00;0.000000000000000000e+00;0.000000000000000000e+00
-1.063905643515666188e+00;4.214813174951210772e-01;0.000000000000000000e+00;0.000000000000000000e+00;0.000000000000000000e+00;0.000000000000000000e+00;0.000000000000000000e+00;0.000000000000000000e+00;0.000000000000000000e+00;0.000000000000000000e+00;0.000000000000000000e+00;0.000000000000000000e+00
-1.227275874253083376e+00;9.849444542902258126e-02;0.000000000000000000e+00;0.000000000000000000e+00;0.000000000000000000e+00;0.000000000000000000e+00;0.000000000000000000e+00;0.000000000000000000e+00;0.000000000000000000e+00;0.000000000000000000e+00;0.000000000000000000e+00;0.000000000000000000e+00
6.194564745316138987e-01;9.797919597988561380e-01;0.000000000000000000e+00;0.000000000000000000e+00;0.000000000000000000e+00;0.000000000000000000e+00;0.000000000000000000e+00;0.000000000000000000e+00;0.000000000000000000e+00;0.000000000000000000e+00;0.000000000000000000e+00;0.000000000000000000e+00
7.865267324527813741e-01;5.798420973632353315e-01;0.000000000000000000e+00;0.000000000000000000e+00;0.000000000000000000e+00;0.000000000000000000e+00;0.000000000000000000e+00;0.000000000000000000e+00;0.000000000000000000e+00;0.000000000000000000e+00;0.000000000000000000e+00;0.000000000000000000e+00
5.323614276402667267e-01;-8.676507459516206167e-01;1.000000000000000000e+00;1.000000000000000000e+00;1.000000000000000000e+00;1.000000000000000000e+00;1.000000000000000000e+00;1.000000000000000000e+00;1.000000000000000000e+00;1.000000000000000000e+00;1.000000000000000000e+00;1.000000000000000000e+00
2.209972139198140617e+00;-3.800167599529369333e-02;1.000000000000000000e+00;1.000000000000000000e+00;1.000000000000000000e+00;1.000000000000000000e+00;1.000000000000000000e+00;1.000000000000000000e+00;1.000000000000000000e+00;1.000000000000000000e+00;1.000000000000000000e+00;1.000000000000000000e+00
8.910560034711588751e-01;-1.034578839860160304e+00;1.000000000000000000e+00;1.000000000000000000e+00;1.000000000000000000e+00;1.000000000000000000e+00;1.000000000000000000e+00;1.000000000000000000e+00;1.000000000000000000e+00;1.000000000000000000e+00;1.000000000000000000e+00;1.000000000000000000e+00
2.067479066880121841e-01;-4.937923069088122618e-01;1.000000000000000000e+00;1.000000000000000000e+00;1.000000000000000000e+00;1.000000000000000000e+00;1.000000000000000000e+00;1.000000000000000000e+00;1.000000000000000000e+00;1.000000000000000000e+00;1.000000000000000000e+00;1.000000000000000000e+00
1.757093125261063316e+00;-9.452387163942110870e-01;1.000000000000000000e+00;1.000000000000000000e+00;1.000000000000000000e+00;1.000000000000000000e+00;1.000000000000000000e+00;1.000000000000000000e+00;1.000000000000000000e+00;1.000000000000000000e+00;1.000000000000000000e+00;1.000000000000000000e+00
-5.953160041638642097e-01;5.006365870301217047e-01;0.000000000000000000e+00;0.000000000000000000e+00;0.000000000000000000e+00;0.000000000000000000e+00;0.000000000000000000e+00;0.000000000000000000e+00;0.000000000000000000e+00;0.000000000000000000e+00;0.000000000000000000e+00;0.000000000000000000e+00
1.974082294937805848e+00;1.909912546083702978e-02;1.000000000000000000e+00;1.000000000000000000e+00;1.000000000000000000e+00;1.000000000000000000e+00;1.000000000000000000e+00;1.000000000000000000e+00;1.000000000000000000e+00;1.000000000000000000e+00;1.000000000000000000e+00;1.000000000000000000e+00
-2.863266411465898442e-01;9.302451922496673964e-01;0.000000000000000000e+00;0.000000000000000000e+00;0.000000000000000000e+00;0.000000000000000000e+00;0.000000000000000000e+00;0.000000000000000000e+00;0.000000000000000000e+00;0.000000000000000000e+00;0.000000000000000000e+00;0.000000000000000000e+00
1.019208260595392934e+00;-9.254658335480996367e-01;1.000000000000000000e+00;1.000000000000000000e+00;1.000000000000000000e+00;1.000000000000000000e+00;1.000000000000000000e+00;1.000000000000000000e+00;1.000000000000000000e+00;1.000000000000000000e+00;1.000000000000000000e+00;1.000000000000000000e+00
1.353800021290782363e+00;-9.473342422747479397e-01;1.000000000000000000e+00;1.000000000000000000e+00;1.000000000000000000e+00;1.000000000000000000e+00;1.000000000000000000e+00;1.000000000000000000e+00;1.000000000000000000e+00;1.000000000000000000e+00;1.000000000000000000e+00;1.000000000000000000e+00
-4.674185702584530699e-01;9.315912586898138503e-01;0.000000000000000000e+00;0.000000000000000000e+00;0.000000000000000000e+00;0.000000000000000000e+00;0.000000000000000000e+00;0.000000000000000000e+00;0.000000000000000000e+00;0.000000000000000000e+00;0.000000000000000000e+00;0.000000000000000000e+00
-4.228870566603833425e-01;8.971472037984326020e-01;0.000000000000000000e+00;0.000000000000000000e+00;0.000000000000000000e+00;0.000000000000000000e+00;0.000000000000000000e+00;0.000000000000000000e+00;0.000000000000000000e+00;0.000000000000000000e+00;0.000000000000000000e+00;0.000000000000000000e+00
2.967745882727790968e-02;-8.195825262995920513e-02;1.000000000000000000e+00;1.000000000000000000e+00;1.000000000000000000e+00;1.000000000000000000e+00;1.000000000000000000e+00;1.000000000000000000e+00;1.000000000000000000e+00;1.000000000000000000e+00;1.000000000000000000e+00;1.000000000000000000e+00
3.944097290346032514e-01;1.103073807572940490e+00;0.000000000000000000e+00;0.000000000000000000e+00;0.000000000000000000e+00;0.000000000000000000e+00;0.000000000000000000e+00;0.000000000000000000e+00;0.000000000000000000e+00;0.000000000000000000e+00;0.000000000000000000e+00;0.000000000000000000e+00
1.721553935786848788e+00;-3.646794084217148679e-01;1.000000000000000000e+00;1.000000000000000000e+00;1.000000000000000000e+00;1.000000000000000000e+00;1.000000000000000000e+00;1.000000000000000000e+00;1.000000000000000000e+00;1.000000000000000000e+00;1.000000000000000000e+00;1.000000000000000000e+00
1.893064825081976599e+00;-4.746976230411668052e-01;1.000000000000000000e+00;1.000000000000000000e+00;1.000000000000000000e+00;1.000000000000000000e+00;1.000000000000000000e+00;1.000000000000000000e+00;1.000000000000000000e+00;1.000000000000000000e+00;1.000000000000000000e+00;1.000000000000000000e+00
-6.496963580799302029e-01;8.294799359200710764e-01;0.000000000000000000e+00;0.000000000000000000e+00;0.000000000000000000e+00;0.000000000000000000e+00;0.000000000000000000e+00;0.000000000000000000e+00;0.000000000000000000e+00;0.000000000000000000e+00;0.000000000000000000e+00;0.000000000000000000e+00
1.818827606178658129e+00;-1.605273952036694873e-01;1.000000000000000000e+00;1.000000000000000000e+00;1.000000000000000000e+00;1.000000000000000000e+00;1.000000000000000000e+00;1.000000000000000000e+00;1.000000000000000000e+00;1.000000000000000000e+00;1.000000000000000000e+00;1.000000000000000000e+00
9.711947120377401044e-01;3.283813940158166744e-01;0.000000000000000000e+00;0.000000000000000000e+00;0.000000000000000000e+00;0.000000000000000000e+00;0.000000000000000000e+00;0.000000000000000000e+00;0.000000000000000000e+00;0.000000000000000000e+00;0.000000000000000000e+00;0.000000000000000000e+00
-1.071986493687560937e+00;9.253942634146961055e-02;0.000000000000000000e+00;0.000000000000000000e+00;0.000000000000000000e+00;0.000000000000000000e+00;0.000000000000000000e+00;0.000000000000000000e+00;0.000000000000000000e+00;0.000000000000000000e+00;0.000000000000000000e+00;0.000000000000000000e+00
1.349301791896809211e-01;1.004365599365619088e+00;0.000000000000000000e+00;0.000000000000000000e+00;0.000000000000000000e+00;0.000000000000000000e+00;0.000000000000000000e+00;0.000000000000000000e+00;0.000000000000000000e+00;0.000000000000000000e+00;0.000000000000000000e+00;0.000000000000000000e+00
1.392670030932640524e+00;-9.101241414535797825e-01;1.000000000000000000e+00;1.000000000000000000e+00;1.000000000000000000e+00;1.000000000000000000e+00;1.000000000000000000e+00;1.000000000000000000e+00;1.000000000000000000e+00;1.000000000000000000e+00;1.000000000000000000e+00;1.000000000000000000e+00
9.890780439814556013e-01;6.620973556637932411e-02;0.000000000000000000e+00;0.000000000000000000e+00;0.000000000000000000e+00;0.000000000000000000e+00;0.000000000000000000e+00;0.000000000000000000e+00;0.000000000000000000e+00;0.000000000000000000e+00;0.000000000000000000e+00;0.000000000000000000e+00
-6.701082222050133153e-01;7.274224640591885338e-01;0.000000000000000000e+00;0.000000000000000000e+00;0.000000000000000000e+00;0.000000000000000000e+00;0.000000000000000000e+00;0.000000000000000000e+00;0.000000000000000000e+00;0.000000000000000000e+00;0.000000000000000000e+00;0.000000000000000000e+00
1.787955843001961087e+00;-6.656722766654066259e-01;1.000000000000000000e+00;1.000000000000000000e+00;1.000000000000000000e+00;1.000000000000000000e+00;1.000000000000000000e+00;1.000000000000000000e+00;1.000000000000000000e+00;1.000000000000000000e+00;1.000000000000000000e+00;1.000000000000000000e+00
1.960725341126402954e+00;-3.639385469535024731e-01;1.000000000000000000e+00;1.000000000000000000e+00;1.000000000000000000e+00;1.000000000000000000e+00;1.000000000000000000e+00;1.000000000000000000e+00;1.000000000000000000e+00;1.000000000000000000e+00;1.000000000000000000e+00;1.000000000000000000e+00
1.111697749002457325e+00;3.979929663342049451e-01;0.000000000000000000e+00;0.000000000000000000e+00;0.000000000000000000e+00;0.000000000000000000e+00;0.000000000000000000e+00;0.000000000000000000e+00;0.000000000000000000e+00;0.000000000000000000e+00;0.000000000000000000e+00;0.000000000000000000e+00
3.858327657675850730e-01;-6.563334627185520853e-01;1.000000000000000000e+00;1.000000000000000000e+00;1.000000000000000000e+00;1.000000000000000000e+00;1.000000000000000000e+00;1.000000000000000000e+00;1.000000000000000000e+00;1.000000000000000000e+00;1.000000000000000000e+00;1.000000000000000000e+00
1.549157155189472557e-01;1.138210176763464254e+00;0.000000000000000000e+00;0.000000000000000000e+00;0.000000000000000000e+00;0.000000000000000000e+00;0.000000000000000000e+00;0.000000000000000000e+00;0.000000000000000000e+00;0.000000000000000000e+00;0.000000000000000000e+00;0.000000000000000000e+00
1.647240936141343370e+00;-6.207990668075430429e-01;1.000000000000000000e+00;1.000000000000000000e+00;1.000000000000000000e+00;1.000000000000000000e+00;1.000000000000000000e+00;1.000000000000000000e+00;1.000000000000000000e+00;1.000000000000000000e+00;1.000000000000000000e+00;1.000000000000000000e+00
7.215803194631376094e-01;-8.725711428678467607e-01;1.000000000000000000e+00;1.000000000000000000e+00;1.000000000000000000e+00;1.000000000000000000e+00;1.000000000000000000e+00;1.000000000000000000e+00;1.000000000000000000e+00;1.000000000000000000e+00;1.000000000000000000e+00;1.000000000000000000e+00
7.925457477954649388e-01;5.153203222492370728e-01;0.000000000000000000e+00;0.000000000000000000e+00;0.000000000000000000e+00;0.000000000000000000e+00;0.000000000000000000e+00;0.000000000000000000e+00;0.000000000000000000e+00;0.000000000000000000e+00;0.000000000000000000e+00;0.000000000000000000e+00
8.302266154695425726e-01;3.177939313900833840e-01;0.000000000000000000e+00;0.000000000000000000e+00;0.000000000000000000e+00;0.000000000000000000e+00;0.000000000000000000e+00;0.000000000000000000e+00;0.000000000000000000e+00;0.000000000000000000e+00;0.000000000000000000e+00;0.000000000000000000e+00
-7.615058591248453634e-01;8.484491893958537867e-01;0.000000000000000000e+00;0.000000000000000000e+00;0.000000000000000000e+00;0.000000000000000000e+00;0.000000000000000000e+00;0.000000000000000000e+00;0.000000000000000000e+00;0.000000000000000000e+00;0.000000000000000000e+00;0.000000000000000000e+00
2.376364586355060871e-01;1.239950896359411914e+00;0.000000000000000000e+00;0.000000000000000000e+00;0.000000000000000000e+00;0.000000000000000000e+00;0.000000000000000000e+00;0.000000000000000000e+00;0.000000000000000000e+00;0.000000000000000000e+00;0.000000000000000000e+00;0.000000000000000000e+00
7.686573552209142735e-01;-8.371023925669587307e-01;1.000000000000000000e+00;1.000000000000000000e+00;1.000000000000000000e+00;1.000000000000000000e+00;1.000000000000000000e+00;1.000000000000000000e+00;1.000000000000000000e+00;1.000000000000000000e+00;1.000000000000000000e+00;1.000000000000000000e+00
-5.603845755623928504e-01;7.126810996524465258e-01;0.000000000000000000e+00;0.000000000000000000e+00;0.000000000000000000e+00;0.000000000000000000e+00;0.000000000000000000e+00;0.000000000000000000e+00;0.000000000000000000e+00;0.000000000000000000e+00;0.000000000000000000e+00;0.000000000000000000e+00
4.477015269136960240e-01;-7.948189212601198816e-01;1.000000000000000000e+00;1.000000000000000000e+00;1.000000000000000000e+00;1.000000000000000000e+00;1.000000000000000000e+00;1.000000000000000000e+00;1.000000000000000000e+00;1.000000000000000000e+00;1.000000000000000000e+00;1.000000000000000000e+00
1.186124956752328652e+00;-1.026572835592540756e+00;1.000000000000000000e+00;1.000000000000000000e+00;1.000000000000000000e+00;1.000000000000000000e+00;1.000000000000000000e+00;1.000000000000000000e+00;1.000000000000000000e+00;1.000000000000000000e+00;1.000000000000000000e+00;1.000000000000000000e+00
4.606681914244687981e-01;-7.207278674302535215e-01;1.000000000000000000e+00;1.000000000000000000e+00;1.000000000000000000e+00;1.000000000000000000e+00;1.000000000000000000e+00;1.000000000000000000e+00;1.000000000000000000e+00;1.000000000000000000e+00;1.000000000000000000e+00;1.000000000000000000e+00
1.109499092889760341e+00;-8.183356518965616555e-01;1.000000000000000000e+00;1.000000000000000000e+00;1.000000000000000000e+00;1.000000000000000000e+00;1.000000000000000000e+00;1.000000000000000000e+00;1.000000000000000000e+00;1.000000000000000000e+00;1.000000000000000000e+00;1.000000000000000000e+00
-1.883848752917098579e-01;1.067904179672005016e+00;0.000000000000000000e+00;0.000000000000000000e+00;0.000000000000000000e+00;0.000000000000000000e+00;0.000000000000000000e+00;0.000000000000000000e+00;0.000000000000000000e+00;0.000000000000000000e+00;0.000000000000000000e+00;0.000000000000000000e+00
-1.035217298359959015e+00;2.425204256125206709e-02;0.000000000000000000e+00;0.000000000000000000e+00;0.000000000000000000e+00;0.000000000000000000e+00;0.000000000000000000e+00;0.000000000000000000e+00;0.000000000000000000e+00;1.000000000000000000e+00;0.000000000000000000e+00;0.000000000000000000e+00
1.094505538645506482e+00;-8.998474095391466587e-01;1.000000000000000000e+00;1.000000000000000000e+00;1.000000000000000000e+00;1.000000000000000000e+00;1.000000000000000000e+00;1.000000000000000000e+00;1.000000000000000000e+00;1.000000000000000000e+00;1.000000000000000000e+00;1.000000000000000000e+00
-1.375820372587572005e-01;1.115794437277084938e+00;0.000000000000000000e+00;0.000000000000000000e+00;0.000000000000000000e+00;0.000000000000000000e+00;0.000000000000000000e+00;0.000000000000000000e+00;0.000000000000000000e+00;0.000000000000000000e+00;0.000000000000000000e+00;0.000000000000000000e+00
1.932358170666881314e-01;-5.565848266421806745e-01;1.000000000000000000e+00;1.000000000000000000e+00;1.000000000000000000e+00;1.000000000000000000e+00;1.000000000000000000e+00;1.000000000000000000e+00;1.000000000000000000e+00;1.000000000000000000e+00;1.000000000000000000e+00;1.000000000000000000e+00
3.861574280905060719e-01;-8.072449792936777779e-01;1.000000000000000000e+00;1.000000000000000000e+00;1.000000000000000000e+00;1.000000000000000000e+00;1.000000000000000000e+00;1.000000000000000000e+00;1.000000000000000000e+00;1.000000000000000000e+00;1.000000000000000000e+00;1.000000000000000000e+00
5.892076804334741569e-01;-9.915430958515725202e-01;1.000000000000000000e+00;1.000000000000000000e+00;1.000000000000000000e+00;1.000000000000000000e+00;1.000000000000000000e+00;1.000000000000000000e+00;1.000000000000000000e+00;1.000000000000000000e+00;1.000000000000000000e+00;1.000000000000000000e+00
1.573965179772889078e+00;-6.498205432757171440e-01;1.000000000000000000e+00;1.000000000000000000e+00;1.000000000000000000e+00;1.000000000000000000e+00;1.000000000000000000e+00;1.000000000000000000e+00;1.000000000000000000e+00;1.000000000000000000e+00;1.000000000000000000e+00;1.000000000000000000e+00
1.320358139634172367e+00;-1.078985738385940252e+00;1.000000000000000000e+00;1.000000000000000000e+00;1.000000000000000000e+00;1.000000000000000000e+00;1.000000000000000000e+00;1.000000000000000000e+00;1.000000000000000000e+00;1.000000000000000000e+00;1.000000000000000000e+00;1.000000000000000000e+00
4.459020057980980778e-01;-7.934929624748667809e-01;1.000000000000000000e+00;1.000000000000000000e+00;1.000000000000000000e+00;1.000000000000000000e+00;1.000000000000000000e+00;1.000000000000000000e+00;1.000000000000000000e+00;1.000000000000000000e+00;1.000000000000000000e+00;1.000000000000000000e+00
6.363625081962270835e-01;-1.172841856650203685e+00;1.000000000000000000e+00;1.000000000000000000e+00;1.000000000000000000e+00;1.000000000000000000e+00;1.000000000000000000e+00;1.000000000000000000e+00;1.000000000000000000e+00;1.000000000000000000e+00;1.000000000000000000e+00;1.000000000000000000e+00
1.041202478036977297e+00;-9.831074194322619864e-01;1.000000000000000000e+00;1.000000000000000000e+00;1.000000000000000000e+00;1.000000000000000000e+00;1.000000000000000000e+00;1.000000000000000000e+00;1.000000000000000000e+00;1.000000000000000000e+00;1.000000000000000000e+00;1.000000000000000000e+00
1.727444599241241274e+00;-1.737676070537289563e-01;1.000000000000000000e+00;1.000000000000000000e+00;1.000000000000000000e+00;1.000000000000000000e+00;1.000000000000000000e+00;1.000000000000000000e+00;1.000000000000000000e+00;1.000000000000000000e+00;1.000000000000000000e+00;1.000000000000000000e+00
-6.617740723814865555e-01;8.507276411565791729e-01;0.000000000000000000e+00;0.000000000000000000e+00;0.000000000000000000e+00;0.000000000000000000e+00;0.000000000000000000e+00;0.000000000000000000e+00;0.000000000000000000e+00;0.000000000000000000e+00;0.000000000000000000e+00;0.000000000000000000e+00
3.777163997649904958e-01;7.680800226951784992e-01;0.000000000000000000e+00;0.000000000000000000e+00;0.000000000000000000e+00;0.000000000000000000e+00;0.000000000000000000e+00;0.000000000000000000e+00;0.000000000000000000e+00;0.000000000000000000e+00;0.000000000000000000e+00;0.000000000000000000e+00
-8.958509778447053540e-01;-1.388566001655044402e-01;0.000000000000000000e+00;0.000000000000000000e+00;0.000000000000000000e+00;0.000000000000000000e+00;0.000000000000000000e+00;0.000000000000000000e+00;0.000000000000000000e+00;1.000000000000000000e+00;0.000000000000000000e+00;0.000000000000000000e+00
9.342650444498962203e-02;1.176620129408672888e+00;0.000000000000000000e+00;0.000000000000000000e+00;0.000000000000000000e+00;0.000000000000000000e+00;0.000000000000000000e+00;0.000000000000000000e+00;0.000000000000000000e+00;0.000000000000000000e+00;0.000000000000000000e+00;0.000000000000000000e+00
1.215090703741243727e+00;-8.406421835415868182e-01;1.000000000000000000e+00;1.000000000000000000e+00;1.000000000000000000e+00;1.000000000000000000e+00;1.000000000000000000e+00;1.000000000000000000e+00;1.000000000000000000e+00;1.000000000000000000e+00;1.000000000000000000e+00;1.000000000000000000e+00
5.914108761879276477e-01;7.822828018552757667e-01;0.000000000000000000e+00;0.000000000000000000e+00;0.000000000000000000e+00;0.000000000000000000e+00;0.000000000000000000e+00;0.000000000000000000e+00;0.000000000000000000e+00;0.000000000000000000e+00;0.000000000000000000e+00;0.000000000000000000e+00
